ORISPL,YEAR,PSTATABB,NAMEPCAP,CAPFAC,SECTOR,PLFUELCT,PLNGENAN,PLHTIAN,PLCO2AN,PLCO2RTA,TREATED,NEIGHBOR,POST
55279,2020,IL,1086.2,0.0808,IPP Non-CHP,GAS,768846.0,7770819.0,461804.0,1201.292,0,0,0
55296,2020,IL,312.8,0.0053,IPP Non-CHP,GAS,14431.0,155609.0,9039.0,1252.678,0,0,0
55188,2020,IL,611.2,0.3719,IPP Non-CHP,GAS,1990983.0,13538133.0,804563.0,808.206,0,0,0
55253,2020,IL,356.0,0.0122,IPP Non-CHP,GAS,37942.0,500498.0,29739.0,1567.619,0,0,0
55438,2020,IL,540.0,0.08,IPP Non-CHP,GAS,378234.0,4420334.0,262695.0,1389.061,0,0,0
55199,2020,IL,1728.0,0.0259,IPP Non-CHP,GAS,392216.0,4383568.0,260504.0,1328.372,0,0,0
56462,2020,IL,31.5,0.0205,Electric Utility,GAS,5642.0,48388.0,2828.0,1002.487,0,0,0
54556,2020,IL,54.6,0.5301,Industrial CHP,COAL,253528.0,1744029.0,148380.0,1170.525,0,0,0
384,2020,IL,1320.0,0.091,IPP Non-CHP,GAS,1052271.0,11312188.0,670585.0,1274.549,0,0,0
55131,2020,IL,1256.0,0.6609,IPP Non-CHP,GAS,7271182.0,56452604.0,3354899.0,922.793,0,0,0
876,2020,IL,1319.0,0.1277,IPP Non-CHP,COAL,1475564.0,16187690.0,1697765.0,2301.174,0,0,0
55236,2020,IL,692.0,0.0425,IPP Non-CHP,GAS,257367.0,3387296.0,201305.0,1564.344,0,0,0
55222,2020,IL,692.0,0.0007,IPP Non-CHP,GAS,3949.0,62888.0,3738.0,1892.884,0,0,0
55640,2020,IL,726.0,0.1301,IPP Non-CHP,GAS,827156.0,8143023.0,483948.0,1170.148,0,0,0
55216,2020,IL,218.8,0.3176,IPP CHP,GAS,608815.0,3945138.0,230572.0,757.444,0,0,0
55183,2020,IL,627.5,0.696,IPP Non-CHP,GAS,3825587.0,26831807.0,1594576.0,833.637,0,0,0
879,2020,IL,1785.6,0.054,IPP Non-CHP,COAL,844778.0,12096675.0,1286625.0,3046.068,0,0,0
55238,2020,IL,316.0,0.0467,IPP Non-CHP,GAS,129247.0,1395211.0,82914.0,1283.035,0,0,0
55936,2020,IL,168.0,0.0564,IPP Non-CHP,GAS,82936.0,825182.0,49039.0,1182.57,0,0,0
55109,2020,IL,415.5,0.0211,IPP Non-CHP,GAS,76813.0,928948.0,55471.0,1444.321,0,0,0
961,2020,IL,27.3,0.0073,Electric Utility,GAS,1748.0,17234.0,1281.0,1465.388,0,0,0
55281,2020,IL,407.2,0.0,IPP Non-CHP,GAS,0.0,0.0,0.0,0.0,0,0,0
54044,2020,IL,59.9,0.2027,Commercial CHP,GAS,106347.0,571233.0,33385.0,627.858,0,0,0
55250,2020,IL,353.4,0.1255,IPP Non-CHP,GAS,388647.0,4363612.0,257489.0,1325.055,0,0,0
883,2020,IL,914.7,0.0776,IPP Non-CHP,COAL,621944.0,7877859.0,832780.0,2677.992,0,0,0
884,2020,IL,1268.8,0.0277,IPP Non-CHP,COAL,308360.0,4087934.0,431772.0,2800.438,0,0,0
972,2020,IL,33.4,0.0139,Electric Utility,GAS,4073.0,70422.0,4144.0,2035.052,0,0,0
55392,2020,IL,994.5,0.063,IPP Non-CHP,GAS,548681.0,6015144.0,358081.0,1305.241,0,0,0
7336,2020,IN,168.7,0.0058,Electric Utility,GAS,8569.0,126799.0,7557.0,1763.777,0,0,0
55502,2020,IN,1232.0,0.7925,IPP Non-CHP,GAS,8552340.0,62865154.0,3735984.0,873.675,0,0,0
7335,2020,IN,82.8,0.0068,Electric Utility,GAS,4896.0,71253.0,4455.0,1819.975,0,0,0
6166,2020,IN,2600.0,0.1773,Electric Utility,COAL,4038785.0,41905762.0,4392521.0,2175.17,0,0,0
57794,2020,IN,2186.0,0.2474,IPP Non-CHP,GAS,4737196.0,31951260.0,1898817.0,801.663,0,0,0
50366,2020,IN,39.6,0.2305,Commercial CHP,GAS,79968.0,452297.0,26446.0,661.407,0,0,0
1040,2020,IN,93.9,0.0401,Electric Utility,COAL,32945.0,461185.0,47317.0,2872.46,0,0,0
1353,2020,KY,1096.8,0.095,Electric Utility,GAS,912638.0,9072869.0,539187.0,1181.601,0,1,0
6018,2020,KY,772.0,0.3363,Electric Utility,COAL,2274040.0,26608834.0,2730063.0,2401.068,0,1,0
6041,2020,KY,1608.5,0.5177,Electric Utility,COAL,7294286.0,67437255.0,6919057.0,1897.117,0,1,0
1384,2020,KY,344.0,0.0473,Electric Utility,COAL,142507.0,1722023.0,176679.0,2479.576,0,1,0
55198,2020,KY,1150.0,0.0473,IPP Non-CHP,GAS,476100.0,5501978.0,326974.0,1373.553,0,1,0
54,2020,KY,1663.4,0.0216,Electric Utility,GAS,314249.0,3852808.0,229095.0,1458.044,0,1,0
55297,2020,MI,1176.0,0.699,IPP Non-CHP,GAS,7200741.0,51766839.0,3076431.0,854.476,0,0,0
50555,2020,NC,180.0,0.0022,Electric Utility,OIL,3492.0,38363.0,3105.0,1778.293,0,1,0
50254,2020,NC,28.3,0.8073,Industrial CHP,COAL,200123.0,169607.0,0.0,0.0,0,1,0
55262,2020,OH,49.5,0.0068,Electric Utility,GAS,2926.0,28358.0,1674.0,1144.156,0,0,0
55263,2020,OH,49.5,0.0073,Electric Utility,GAS,3177.0,33759.0,1993.0,1254.895,0,0,0
55264,2020,OH,49.5,0.0056,Electric Utility,GAS,2423.0,20203.0,1193.0,984.565,0,0,0
55990,2020,OH,26.1,0.7627,IPP CHP,GAS,174390.0,910922.0,53238.0,610.567,0,0,0
2836,2020,OH,873.1,0.0307,IPP Non-CHP,COAL,234720.0,2536567.0,260219.0,2217.27,0,0,0
2878,2020,OH,665.3,0.1814,IPP CHP,OIL,1057399.0,13709070.0,1445624.0,2734.302,0,0,0
2903,2020,OH,39.3,0.0098,Electric Utility,GAS,3368.0,62373.0,3696.0,2194.705,0,0,0
2828,2020,OH,1880.4,0.55,IPP Non-CHP,COAL,9059773.0,98432593.0,10097074.0,2228.99,0,0,0
59773,2020,OH,832.3,0.7226,IPP Non-CHP,GAS,5268691.0,38752844.0,2303007.0,874.223,0,0,0
57908,2020,OH,47.2,0.4697,Commercial CHP,GAS,194193.0,1080638.0,63189.0,650.789,0,0,0
60376,2020,OH,962.0,0.7321,IPP Non-CHP,GAS,6169694.0,41547270.0,2469105.0,800.398,0,0,0
2840,2020,OH,2174.8,0.0564,IPP Non-CHP,COAL,1074494.0,11834871.0,1213470.0,2258.682,0,0,0
55247,2020,OH,564.0,0.0785,IPP Non-CHP,GAS,387871.0,4756106.0,281153.0,1449.724,0,0,0
2831,2020,OH,159.1,0.0028,IPP Non-CHP,GAS,3955.0,165845.0,9693.0,4901.501,0,0,0
2914,2020,OH,53.6,0.111,Electric Utility,COAL,52113.0,914217.0,93443.0,3586.171,0,0,0
55350,2020,OH,678.3,0.7764,Electric Utility,GAS,4613110.0,30093747.0,1788431.0,775.369,0,0,0
2837,2020,OH,1289.0,0.0,IPP Non-CHP,OIL,0.0,0.0,0.0,0.0,0,0,0
55701,2020,OH,739.5,0.2932,Electric Utility,GAS,1899225.0,25072740.0,1490053.0,1569.117,0,0,0
8102,2020,OH,2600.0,0.575,IPP Non-CHP,COAL,13095165.0,146937432.0,15075485.0,2302.451,0,0,0
55228,2020,OH,236.0,0.0475,Electric Utility,GAS,98143.0,1006238.0,59385.0,1210.173,0,0,0
2917,2020,OH,138.1,0.001,Electric Utility,GAS,1179.0,0.0,0.0,0.0,0,0,0
55736,2020,OH,1429.8,0.7575,IPP Non-CHP,GAS,9487656.0,70461680.0,4187432.0,882.712,0,0,0
56848,2020,OH,67.0,0.4603,IPP CHP,COAL,270139.0,1449369.0,84708.0,627.146,0,0,0
55110,2020,OH,692.0,0.0498,Electric Utility,GAS,302083.0,4064198.0,241522.0,1599.042,0,0,0
2832,2020,OH,1444.0,0.5287,IPP Non-CHP,COAL,6687340.0,68113794.0,6988482.0,2090.063,0,0,0
57822,2020,OH,67.0,0.5455,IPP CHP,COAL,320184.0,1708336.0,99844.0,623.665,0,0,0
59326,2020,OH,543.9,0.7107,IPP Non-CHP,GAS,3386139.0,23119568.0,1373968.0,811.525,0,0,0
2848,2020,OH,446.6,0.0,IPP Non-CHP,GAS,11.0,558.0,33.0,5929.454,0,0,0
7783,2020,OH,32.0,0.0077,Electric Utility,GAS,2153.0,27401.0,1616.0,1501.44,0,0,0
7782,2020,OH,32.0,0.0099,Electric Utility,GAS,2760.0,35517.0,2094.0,1517.609,0,0,0
59764,2020,OH,1061.5,0.6091,IPP Non-CHP,GAS,5663847.0,38070986.0,2262502.0,798.928,0,0,0
2935,2020,OH,84.5,0.0394,Electric Utility,GAS,29187.0,516412.0,41417.0,2838.073,0,0,0
2936,2020,OH,55.5,0.0039,Electric Utility,COAL,1900.0,29535.0,2817.0,2965.642,0,0,0
2937,2020,OH,81.1,0.0009,Electric Utility,OIL,655.0,16392.0,1339.0,4087.383,0,0,0
10244,2020,OH,92.8,0.4555,Industrial CHP,GAS,370260.0,1504544.0,0.0,0.0,0,0,0
2880,2020,OH,450.0,0.0624,IPP Non-CHP,GAS,245976.0,3145989.0,186960.0,1520.15,0,0,0
7872,2020,OH,594.0,0.0335,Electric Utility,GAS,174175.0,1834021.0,109421.0,1256.454,0,0,0
55401,2020,OH,977.5,0.0312,IPP Non-CHP,GAS,267126.0,3002013.0,178402.0,1335.716,0,0,0
2942,2020,OH,41.8,0.0014,Electric Utility,OIL,517.0,28861.0,2062.0,7976.89,0,0,0
2847,2020,OH,680.6,0.1597,IPP Non-CHP,GAS,952197.0,11927446.0,703687.0,1478.027,0,0,0
55348,2020,OH,795.6,0.1288,IPP Non-CHP,GAS,897389.0,9615269.0,571792.0,1274.346,0,0,0
2866,2020,OH,2468.1,0.2219,IPP Non-CHP,COAL,4797478.0,53871685.0,5650061.0,2355.43,0,0,0
6019,2020,OH,1425.6,0.4463,IPP Non-CHP,COAL,5572889.0,54657422.0,5600747.0,2009.998,0,0,0
55397,2020,OH,714.9,0.7893,IPP Non-CHP,GAS,4943261.0,36337256.0,2159467.0,873.701,0,0,0
55503,2020,OH,921.6,0.8216,IPP Non-CHP,GAS,6633216.0,46402093.0,2757611.0,831.455,0,0,0
2909,2020,OH,32.0,0.0,Electric Utility,GAS,0.0,0.0,0.0,0.0,0,0,0
2869,2020,OH,555.6,0.0145,IPP Non-CHP,OIL,70477.0,888019.0,54100.0,1535.256,0,0,0
7158,2020,OH,571.8,0.011,Electric Utility,GAS,54947.0,1009050.0,60089.0,2187.151,0,0,0
2854,2020,OH,126.6,0.0097,IPP Non-CHP,GAS,10794.0,479553.0,28027.0,5193.115,0,0,0
50481,2020,TN,194.3,0.6636,Industrial CHP,COAL,1129416.0,6651423.0,502996.0,890.719,0,0,0
56807,2020,VA,559.0,0.8721,Electric Utility,GAS,4270401.0,30382241.0,1805606.0,845.638,1,0,0
54304,2020,VA,258.3,0.0342,IPP Non-CHP,COAL,77427.0,1058634.0,108616.0,2805.631,1,0,0
58260,2020,VA,1472.2,0.7726,Electric Utility,GAS,9963634.0,69586192.0,4135382.0,830.095,1,0,0
55738,2020,VA,88.0,0.5926,IPP Non-CHP,GAS,456828.0,4357006.0,258932.0,1133.606,1,0,0
52089,2020,VA,29.8,0.7108,Industrial CHP,GAS,185563.0,1064235.0,62199.0,670.378,1,0,0
3803,2020,VA,812.1,0.0,Electric Utility,OIL,119.0,2063.0,168.0,2831.445,1,0,0
3797,2020,VA,1799.5,0.2212,Electric Utility,COAL,3486274.0,30464364.0,2528318.0,1450.441,1,0,0
3775,2020,VA,712.5,0.0434,Electric Utility,GAS,271022.0,3096889.0,184040.0,1358.117,1,0,0
7213,2020,VA,848.0,0.167,Electric Utility,COAL,1240625.0,13959582.0,1432252.0,2308.92,1,0,0
55381,2020,VA,402.5,0.0068,IPP Non-CHP,OIL,23861.0,255824.0,20758.0,1739.894,1,0,0
7212,2020,VA,368.4,0.0328,Electric Utility,GAS,105767.0,1346146.0,80893.0,1529.651,1,0,0
52019,2020,VA,1313.0,0.4965,IPP Non-CHP,GAS,5710791.0,52120202.0,3097621.0,1084.831,1,0,0
52087,2020,VA,388.8,0.0252,Electric Utility,GAS,85975.0,1062716.0,63055.0,1466.819,1,0,0
54844,2020,VA,300.4,0.4459,Electric Utility,GAS,1173496.0,9992830.0,594369.0,1012.989,1,0,0
7032,2020,VA,407.7,0.0413,Electric Utility,GAS,147491.0,1907277.0,113015.0,1532.503,1,0,0
59913,2020,VA,1773.3,0.6873,Electric Utility,GAS,10675865.0,70502052.0,4189823.0,784.915,1,0,0
10633,2020,VA,399.0,0.5497,IPP CHP,GAS,1921330.0,16320710.0,969913.0,1009.627,1,0,0
7839,2020,VA,892.5,0.1475,Electric Utility,GAS,1153470.0,11435832.0,682849.0,1183.991,1,0,0
7837,2020,VA,509.1,0.0791,Electric Utility,GAS,352845.0,4005134.0,238055.0,1349.344,1,0,0
3799,2020,VA,82.8,0.0002,Electric Utility,OIL,118.0,2062.0,168.0,2854.034,1,0,0
7836,2020,VA,708.8,0.0924,Electric Utility,GAS,573993.0,5981067.0,355517.0,1238.75,1,0,0
3800,2020,VA,82.8,0.0101,Electric Utility,OIL,7350.0,138076.0,11276.0,3068.213,1,0,0
59004,2020,VA,812.0,0.6961,IPP Non-CHP,GAS,4951542.0,33868405.0,2012751.0,812.979,1,0,0
3804,2020,VA,2081.9,0.1878,Electric Utility,GAS,3424414.0,26901544.0,1604137.0,936.883,1,0,0
7838,2020,VA,705.5,0.1128,Electric Utility,GAS,697312.0,7055950.0,419714.0,1203.805,1,0,0
10017,2020,VA,101.0,0.6417,Industrial CHP,COAL,567788.0,2119566.0,12596.0,44.37,1,0,0
54081,2020,VA,229.6,0.0228,IPP CHP,GAS,45921.0,269062.0,15990.0,696.405,1,0,0
3785,2020,VA,27.0,0.002,IPP Non-CHP,OIL,476.0,12340.0,1008.0,4233.979,1,0,0
55439,2020,VA,1011.4,0.5117,IPP Non-CHP,GAS,4533164.0,32395611.0,1925325.0,849.44,1,0,0
56808,2020,VA,668.0,0.1487,Electric Utility,COAL,870065.0,10793234.0,901956.0,2073.308,1,0,0
55939,2020,VA,1472.2,0.7056,Electric Utility,GAS,9099466.0,63064074.0,3747811.0,823.743,1,0,0
55285,2020,VA,285.0,0.0387,IPP Non-CHP,GAS,96495.0,1157880.0,68266.0,1414.915,1,0,0
3809,2020,VA,1257.0,0.0055,Electric Utility,OIL,59989.0,770932.0,62396.0,2080.238,1,0,0
50491,2020,WV,123.0,0.6678,Industrial CHP,GAS,719497.0,4532238.0,267588.0,743.819,0,1,0
55284,2020,WV,353.4,0.0783,IPP Non-CHP,GAS,242438.0,2687490.0,158625.0,1308.581,0,1,0
55276,2020,WV,519.0,0.0243,Electric Utility,GAS,110348.0,1353243.0,79837.0,1447.004,0,1,0
3943,2020,WV,1152.0,0.5028,Electric Utility,COAL,5073932.0,50443730.0,5175523.0,2040.044,0,1,0
10151,2020,WV,95.7,0.7369,IPP Non-CHP,COAL,617730.0,8121428.0,833261.0,2697.815,0,1,0
3944,2020,WV,2052.0,0.6053,Electric Utility,COAL,10879715.0,104654598.0,10737558.0,1973.867,0,1,0
3935,2020,WV,2932.6,0.4068,Electric Utility,COAL,10450839.0,109028029.0,11185350.0,2140.565,0,1,0
56671,2020,WV,807.5,0.6998,IPP Non-CHP,COAL,4949857.0,46366752.0,4757227.0,1922.167,0,1,0
3948,2020,WV,1632.6,0.2525,Electric Utility,COAL,3611720.0,39052567.0,4005536.0,2218.077,0,1,0
10743,2020,WV,68.9,0.0,IPP CHP,GAS,0.0,0.0,0.0,0.0,0,1,0
3954,2020,WV,1680.9,0.3202,Electric Utility,COAL,4714228.0,50102368.0,5140496.0,2180.843,0,1,0
6264,2020,WV,1300.0,0.4632,Electric Utility,COAL,5275013.0,53620442.0,5499507.0,2085.116,0,1,0
55349,2020,WV,344.0,0.549,IPP Non-CHP,GAS,1654508.0,17086433.0,1015467.0,1227.515,0,1,0
6004,2020,WV,1368.0,0.4074,IPP Non-CHP,COAL,4882214.0,51133698.0,5246313.0,2149.153,0,1,0
55279,2018,IL,1275.0,0.0607,IPP Non-CHP,GAS,677827.0,7106146.0,422311.0,1246.074,0,0,0
55296,2018,IL,312.8,0.0054,IPP Non-CHP,GAS,14791.0,160356.0,9314.0,1259.387,0,0,0
55188,2018,IL,611.2,0.0148,IPP Non-CHP,GAS,79066.0,558748.0,33205.0,839.936,0,0,0
55253,2018,IL,356.0,0.0265,IPP Non-CHP,GAS,82634.0,1077609.0,64042.0,1550.008,0,0,0
55438,2018,IL,540.0,0.0493,IPP Non-CHP,GAS,233355.0,2699698.0,160436.0,1375.036,0,0,0
55199,2018,IL,1728.0,0.0235,IPP Non-CHP,GAS,356318.0,3670121.0,218110.0,1224.241,0,0,0
886,2018,IL,662.8,0.0001,IPP Non-CHP,OIL,618.0,17549.0,1421.0,4599.993,0,0,0
56462,2018,IL,31.5,0.0208,Electric Utility,GAS,5736.0,49839.0,2913.0,1015.626,0,0,0
54556,2018,IL,54.6,0.5697,Industrial CHP,COAL,272470.0,1919656.0,175484.0,1288.1,0,0,0
384,2018,IL,1320.0,0.0544,IPP Non-CHP,GAS,628452.0,6885100.0,408147.0,1298.895,0,0,0
874,2018,IL,507.6,0.0,IPP Non-CHP,GAS,-57596.0,152756.0,9055.0,0.0,0,0,0
55131,2018,IL,1256.0,0.5324,IPP Non-CHP,GAS,5857928.0,45194617.0,2685854.0,916.998,0,0,0
876,2018,IL,1319.0,0.4153,IPP Non-CHP,COAL,4798673.0,49708729.0,5213446.0,2172.87,0,0,0
55236,2018,IL,692.0,0.0142,IPP Non-CHP,GAS,86087.0,1134184.0,67405.0,1565.965,0,0,0
55222,2018,IL,692.0,0.0029,IPP Non-CHP,GAS,17574.0,261295.0,15529.0,1767.315,0,0,0
55640,2018,IL,726.0,0.0993,IPP Non-CHP,GAS,631348.0,6389181.0,379692.0,1202.797,0,0,0
55216,2018,IL,212.5,0.3437,IPP CHP,GAS,639879.0,4163497.0,243334.0,760.561,0,0,0
55183,2018,IL,627.5,0.6395,IPP Non-CHP,GAS,3515256.0,24846947.0,1476616.0,840.119,0,0,0
879,2018,IL,1785.6,0.2885,IPP Non-CHP,COAL,4511849.0,54448051.0,5797703.0,2569.99,0,0,0
55238,2018,IL,316.0,0.0692,IPP Non-CHP,GAS,191593.0,2036770.0,121042.0,1263.533,0,0,0
55936,2018,IL,168.0,0.0833,IPP Non-CHP,GAS,122646.0,1199275.0,71271.0,1162.221,0,0,0
55109,2018,IL,415.5,0.0105,IPP Non-CHP,GAS,38122.0,457666.0,27329.0,1433.739,0,0,0
961,2018,IL,27.3,0.0061,Electric Utility,GAS,1458.0,14330.0,1065.0,1460.82,0,0,0
55281,2018,IL,407.2,0.0165,IPP Non-CHP,GAS,58790.0,827377.0,48783.0,1659.571,0,0,0
54044,2018,IL,59.9,0.2221,Commercial CHP,GAS,116557.0,625741.0,36571.0,627.524,0,0,0
55250,2018,IL,353.4,0.0749,IPP Non-CHP,GAS,231786.0,2590945.0,152805.0,1318.503,0,0,0
883,2018,IL,914.7,0.2043,IPP Non-CHP,COAL,1637196.0,18551754.0,1962492.0,2397.381,0,0,0
884,2018,IL,1268.8,0.0903,IPP Non-CHP,COAL,1003780.0,11807188.0,1247087.0,2484.782,0,0,0
972,2018,IL,33.4,0.0136,Electric Utility,GAS,3965.0,66344.0,3905.0,1969.748,0,0,0
55392,2018,IL,994.5,0.06,IPP Non-CHP,GAS,522428.0,5937971.0,353336.0,1352.668,0,0,0
7336,2018,IN,168.7,0.0048,Electric Utility,GAS,7094.0,144462.0,8596.0,2423.485,0,0,0
55502,2018,IN,1232.0,0.6606,IPP Non-CHP,GAS,7129285.0,52486397.0,3119198.0,875.038,0,0,0
7335,2018,IN,82.8,0.0204,Electric Utility,GAS,14825.0,188785.0,11220.0,1513.673,0,0,0
6166,2018,IN,2600.0,0.5222,Electric Utility,COAL,11894109.0,118827178.0,12462084.0,2095.505,0,0,0
57794,2018,IN,2142.0,0.2177,IPP Non-CHP,GAS,4084428.0,26386471.0,1568116.0,767.851,0,0,0
50366,2018,IN,39.6,0.2302,Commercial CHP,GAS,79840.0,452240.0,28588.0,716.135,0,0,0
1040,2018,IN,93.9,0.05,Electric Utility,COAL,41092.0,561358.0,57595.0,2803.212,0,0,0
1353,2018,KY,1096.8,0.065,Electric Utility,GAS,624804.0,6407128.0,380765.0,1218.829,0,1,0
6018,2018,KY,772.0,0.413,Electric Utility,COAL,2792745.0,31462686.0,3228075.0,2311.758,0,1,0
6041,2018,KY,1608.5,0.5516,Electric Utility,COAL,7772126.0,71488727.0,7334746.0,1887.449,0,1,0
1384,2018,KY,344.0,0.1865,Electric Utility,COAL,562090.0,6142244.0,630193.0,2242.32,0,1,0
55198,2018,KY,1150.0,0.069,IPP Non-CHP,GAS,694617.0,7660359.0,455245.0,1310.779,0,1,0
54,2018,KY,1663.4,0.0271,Electric Utility,GAS,394471.0,4856154.0,289545.0,1468.019,0,1,0
55297,2018,MI,1176.0,0.6587,IPP Non-CHP,GAS,6785423.0,47796970.0,2840503.0,837.237,0,0,0
10384,2018,NC,114.8,0.009,IPP CHP,COAL,9082.0,69373.0,7118.0,1567.439,0,1,0
50555,2018,NC,180.0,0.0179,Electric Utility,OIL,28278.0,282246.0,22890.0,1618.933,0,1,0
55262,2018,OH,49.5,0.0083,Electric Utility,GAS,3592.0,41783.0,2465.0,1372.55,0,0,0
55263,2018,OH,49.5,0.0057,Electric Utility,GAS,2483.0,22831.0,1347.0,1085.058,0,0,0
55264,2018,OH,49.5,0.0078,Electric Utility,GAS,3389.0,40581.0,2396.0,1413.809,0,0,0
55990,2018,OH,26.1,0.7988,IPP CHP,GAS,182635.0,952499.0,55668.0,609.613,0,0,0
2836,2018,OH,873.1,0.1397,IPP Non-CHP,COAL,1068630.0,10233142.0,1049892.0,1964.93,0,0,0
2878,2018,OH,665.3,0.1867,IPP Non-CHP,OIL,1088076.0,15782961.0,1664313.0,3059.185,0,0,0
2903,2018,OH,39.3,0.0071,Electric Utility,GAS,2437.0,42438.0,2483.0,2037.777,0,0,0
2828,2018,OH,1880.4,0.6094,IPP Non-CHP,COAL,10038335.0,100939028.0,10355328.0,2063.157,0,0,0
59773,2018,OH,832.3,0.6466,IPP Non-CHP,GAS,4713968.0,34362868.0,2042135.0,866.419,0,0,0
57908,2018,OH,47.2,0.4743,Commercial CHP,GAS,196116.0,1091245.0,63840.0,651.037,0,0,0
60376,2018,OH,962.0,0.2332,IPP Non-CHP,GAS,1965570.0,12437472.0,739144.0,752.091,0,0,0
2840,2018,OH,2174.8,0.2161,IPP Non-CHP,COAL,4117512.0,45665178.0,4685246.0,2275.766,0,0,0
55247,2018,OH,564.0,0.022,IPP Non-CHP,GAS,108651.0,3087951.0,183416.0,3376.24,0,0,0
2914,2018,OH,53.6,0.1245,Electric Utility,COAL,58434.0,985221.0,100768.0,3448.943,0,0,0
55350,2018,OH,678.3,0.7121,Electric Utility,GAS,4230993.0,27233833.0,1618468.0,765.053,0,0,0
2831,2018,OH,159.1,0.0025,IPP Non-CHP,GAS,3456.0,104425.0,6103.0,3531.868,0,0,0
55736,2018,OH,1429.8,0.7414,IPP Non-CHP,GAS,9286025.0,66761598.0,3967549.0,854.52,0,0,0
55397,2018,OH,714.9,0.7425,IPP Non-CHP,GAS,4649717.0,33269127.0,1977131.0,850.431,0,0,0
2837,2018,OH,1289.0,0.0,IPP Non-CHP,OIL,154.0,4800.0,392.0,5090.675,0,0,0
2847,2018,OH,304.6,0.0614,Electric Utility,GAS,163803.0,2049924.0,120946.0,1476.728,0,0,0
55701,2018,OH,739.5,0.3435,Electric Utility,GAS,2225286.0,27914471.0,1658919.0,1490.971,0,0,0
8102,2018,OH,2600.0,0.7028,IPP Non-CHP,COAL,16006202.0,154184827.0,15818321.0,1976.524,0,0,0
55228,2018,OH,236.0,0.1028,Electric Utility,GAS,212537.0,2136298.0,126437.0,1189.785,0,0,0
2917,2018,OH,138.1,0.0006,Electric Utility,GAS,720.0,0.0,0.0,0.0,0,0,0
56848,2018,OH,67.0,0.5058,IPP CHP,COAL,296868.0,1600931.0,93566.0,630.357,0,0,0
2850,2018,OH,2451.6,0.0967,Electric Utility,COAL,2077525.0,21784420.0,2235081.0,2151.676,0,0,0
6031,2018,OH,689.3,0.2422,Electric Utility,COAL,1462169.0,16447897.0,1687220.0,2307.831,0,0,0
2921,2018,OH,33.7,0.0,Electric Utility,OIL,0.0,0.0,0.0,0.0,0,0,0
55110,2018,OH,692.0,0.0894,Electric Utility,GAS,541948.0,7121245.0,423182.0,1561.708,0,0,0
2832,2018,OH,1444.0,0.4276,IPP Non-CHP,COAL,5409444.0,53116186.0,5449713.0,2014.888,0,0,0
57822,2018,OH,67.0,0.5966,IPP CHP,COAL,350176.0,1870662.0,109331.0,624.434,0,0,0
59326,2018,OH,543.9,0.4735,IPP Non-CHP,GAS,2255806.0,13144753.0,781174.0,692.59,0,0,0
2861,2018,OH,292.6,0.0,IPP Non-CHP,OIL,-329.0,719.0,59.0,0.0,0,0,0
2848,2018,OH,446.6,0.0,Electric Utility,GAS,-461.0,1624.0,95.0,0.0,0,0,0
7783,2018,OH,32.0,0.0128,Electric Utility,GAS,3592.0,23949.0,1412.0,786.303,0,0,0
7782,2018,OH,32.0,0.0098,Electric Utility,GAS,2733.0,32148.0,1897.0,1388.218,0,0,0
59764,2018,OH,1061.5,0.4882,IPP Non-CHP,GAS,4540015.0,30704919.0,1824744.0,803.849,0,0,0
2935,2018,OH,84.5,0.0422,Electric Utility,GAS,31210.0,490593.0,39005.0,2499.54,0,0,0
2936,2018,OH,55.5,0.0069,Electric Utility,COAL,3369.0,58641.0,5833.0,3462.606,0,0,0
2937,2018,OH,81.1,0.0024,Electric Utility,OIL,1671.0,35105.0,2867.0,3431.209,0,0,0
10244,2018,OH,92.8,0.4474,Industrial CHP,GAS,363680.0,2713048.0,96105.0,528.516,0,0,0
2880,2018,OH,450.0,0.0277,IPP Non-CHP,GAS,109144.0,1408430.0,83701.0,1533.779,0,0,0
7872,2018,OH,594.0,0.0813,Electric Utility,GAS,422754.0,4355180.0,257057.0,1216.105,0,0,0
55401,2018,OH,977.5,0.0924,IPP Non-CHP,GAS,790934.0,8714280.0,517880.0,1309.54,0,0,0
2943,2018,OH,40.0,0.0,Electric Utility,OIL,0.0,0.0,0.0,0.0,0,0,0
2942,2018,OH,41.8,0.0004,Electric Utility,OIL,158.0,2998.0,214.0,2711.354,0,0,0
55248,2018,OH,376.0,0.1257,IPP Non-CHP,GAS,413954.0,5446918.0,321866.0,1555.082,0,0,0
55348,2018,OH,795.6,0.0791,IPP Non-CHP,GAS,550924.0,5878235.0,350283.0,1271.619,0,0,0
2866,2018,OH,2468.1,0.2205,IPP Non-CHP,COAL,4766665.0,54162168.0,5680516.0,2383.434,0,0,0
6019,2018,OH,1425.6,0.6485,IPP Non-CHP,COAL,8099135.0,75887346.0,7782353.0,1921.774,0,0,0
55503,2018,OH,921.6,0.7656,IPP Non-CHP,GAS,6180696.0,43352058.0,2576348.0,833.676,0,0,0
2909,2018,OH,32.0,0.0012,Electric Utility,GAS,333.0,4083.0,239.0,1433.213,0,0,0
2869,2018,OH,555.6,0.0089,IPP Non-CHP,OIL,43237.0,688320.0,55912.0,2586.302,0,0,0
7158,2018,OH,571.8,0.0233,Electric Utility,GAS,116441.0,1910108.0,113516.0,1949.765,0,0,0
2854,2018,OH,126.6,0.0066,Electric Utility,GAS,7331.0,105970.0,6193.0,1689.638,0,0,0
50481,2018,TN,194.3,0.6784,Industrial CHP,COAL,1154732.0,6998540.0,538317.0,932.367,0,0,0
56807,2018,VA,559.0,0.8195,Electric Utility,GAS,4012754.0,28216382.0,1679115.0,836.889,1,0,0
50966,2018,VA,330.0,0.0138,Electric Utility,GAS,39792.0,357536.0,28560.0,1435.485,1,0,0
54304,2018,VA,258.3,0.242,IPP Non-CHP,COAL,547512.0,5999989.0,617734.0,2256.513,1,0,0
3796,2018,VA,254.2,0.0063,Electric Utility,GAS,14083.0,164355.0,9767.0,1387.091,1,0,0
58260,2018,VA,1472.2,0.6544,Electric Utility,GAS,8439453.0,58507014.0,3476932.0,823.971,1,0,0
55738,2018,VA,88.0,0.2549,IPP Non-CHP,GAS,196485.0,1858017.0,110420.0,1123.948,1,0,0
52089,2018,VA,29.8,0.656,Industrial CHP,GAS,171254.0,978776.0,57204.0,668.061,1,0,0
3803,2018,VA,812.1,0.0002,Electric Utility,OIL,1529.0,21135.0,1726.0,2257.613,1,0,0
3797,2018,VA,1799.5,0.2632,Electric Utility,COAL,4149677.0,41648661.0,3444039.0,1659.907,1,0,0
10377,2018,VA,114.8,0.0439,IPP CHP,COAL,44177.0,261914.0,26872.0,1216.557,1,0,0
3775,2018,VA,712.5,0.0903,Electric Utility,GAS,563546.0,6749917.0,401136.0,1423.615,1,0,0
7213,2018,VA,848.0,0.3927,Electric Utility,COAL,2917180.0,32619504.0,3346764.0,2294.52,1,0,0
55381,2018,VA,402.5,0.0296,IPP Non-CHP,OIL,104503.0,1105272.0,89684.0,1716.397,1,0,0
7212,2018,VA,368.4,0.0264,Electric Utility,GAS,85266.0,1061810.0,72567.0,1702.134,1,0,0
52019,2018,VA,1313.0,0.4224,IPP Non-CHP,GAS,4858224.0,44913228.0,2676266.0,1101.746,1,0,0
52087,2018,VA,388.8,0.074,Electric Utility,GAS,252115.0,3055783.0,192312.0,1525.586,1,0,0
54844,2018,VA,300.4,0.31,Electric Utility,GAS,815652.0,7142344.0,429217.0,1052.452,1,0,0
7032,2018,VA,407.7,0.0256,Electric Utility,GAS,91390.0,1150585.0,75899.0,1661.0,1,0,0
59913,2018,VA,1773.3,0.0591,Electric Utility,GAS,917306.0,5364655.0,318816.0,695.114,1,0,0
10633,2018,VA,399.0,0.4103,IPP CHP,GAS,1434087.0,11918621.0,715902.0,998.408,1,0,0
7839,2018,VA,892.5,0.0893,Electric Utility,GAS,698227.0,7043619.0,428997.0,1228.818,1,0,0
7837,2018,VA,509.1,0.1205,Electric Utility,GAS,537225.0,6108869.0,368432.0,1371.613,1,0,0
3799,2018,VA,82.8,0.004,Electric Utility,OIL,2916.0,45946.0,3752.0,2573.446,1,0,0
7836,2018,VA,708.8,0.0908,Electric Utility,GAS,564064.0,5869446.0,354757.0,1257.862,1,0,0
52007,2018,VA,139.8,0.0474,Electric Utility,COAL,57984.0,732394.0,75143.0,2591.849,1,0,0
3800,2018,VA,82.8,0.0035,Electric Utility,OIL,2525.0,39264.0,3206.0,2539.732,1,0,0
59004,2018,VA,812.0,0.6844,IPP Non-CHP,GAS,4868251.0,34655006.0,2059494.0,846.092,1,0,0
3804,2018,VA,2081.9,0.2042,Electric Utility,GAS,3723249.0,27463158.0,1645404.0,883.854,1,0,0
7838,2018,VA,705.5,0.1544,Electric Utility,GAS,954324.0,9614510.0,580356.0,1216.266,1,0,0
10017,2018,VA,101.0,0.6425,Industrial CHP,COAL,568429.0,4375555.0,166115.0,584.471,1,0,0
54081,2018,VA,229.6,0.0194,IPP CHP,COAL,38985.0,243394.0,24972.0,1281.108,1,0,0
3785,2018,VA,27.0,0.0033,IPP Non-CHP,OIL,768.0,18509.0,1511.0,3936.193,1,0,0
55439,2018,VA,946.1,0.6964,IPP Non-CHP,GAS,5771750.0,40861838.0,2428534.0,841.524,1,0,0
56808,2018,VA,668.0,0.5055,Electric Utility,COAL,2957761.0,30117272.0,2873581.0,1943.079,1,0,0
55939,2018,VA,1472.2,0.6361,Electric Utility,GAS,8203122.0,56474491.0,3356202.0,818.274,1,0,0
55285,2018,VA,285.0,0.0438,IPP Non-CHP,GAS,109393.0,1270357.0,74902.0,1369.402,1,0,0
3809,2018,VA,1257.0,0.0569,Electric Utility,OIL,626058.0,6470166.0,602347.0,1924.252,1,0,0
50491,2018,WV,123.0,0.3501,Industrial CHP,COAL,377232.0,1920214.0,113830.0,603.499,0,1,0
55284,2018,WV,353.4,0.0516,IPP Non-CHP,GAS,159791.0,1757756.0,103655.0,1297.386,0,1,0
55276,2018,WV,519.0,0.034,Electric Utility,GAS,154586.0,1861161.0,109811.0,1420.71,0,1,0
3943,2018,WV,1152.0,0.596,Electric Utility,COAL,6014055.0,58988707.0,6065531.0,2017.118,0,1,0
10151,2018,WV,95.7,0.755,IPP Non-CHP,COAL,632907.0,9231340.0,947140.0,2992.984,0,1,0
3944,2018,WV,2052.0,0.7372,Electric Utility,COAL,13251012.0,129249324.0,13260973.0,2001.503,0,1,0
3935,2018,WV,2932.6,0.5055,Electric Utility,COAL,12984722.0,133639169.0,13710915.0,2111.853,0,1,0
56671,2018,WV,807.5,0.7386,IPP Non-CHP,COAL,5224706.0,48831119.0,5010070.0,1917.838,0,1,0
3948,2018,WV,1632.6,0.3848,Electric Utility,COAL,5503291.0,60202216.0,6174808.0,2244.042,0,1,0
10743,2018,WV,68.9,0.6383,IPP CHP,COAL,385266.0,3345291.0,352222.0,1828.463,0,1,0
3954,2018,WV,1680.9,0.3755,Electric Utility,COAL,5528936.0,57168000.0,5865433.0,2121.722,0,1,0
6264,2018,WV,1300.0,0.5014,Electric Utility,COAL,5710017.0,58340963.0,5984597.0,2096.175,0,1,0
55349,2018,WV,344.0,0.2307,IPP Non-CHP,GAS,695107.0,7217231.0,432179.0,1243.489,0,1,0
6004,2018,WV,1368.0,0.5859,IPP Non-CHP,COAL,7021328.0,71132763.0,7298217.0,2078.871,0,1,0
55279,2019,IL,1086.2,0.0684,IPP Non-CHP,GAS,650745.0,6622162.0,393549.0,1209.534,0,0,0
55296,2019,IL,312.8,0.0052,IPP Non-CHP,GAS,14330.0,145337.0,8442.0,1178.187,0,0,0
55188,2019,IL,611.2,0.313,IPP Non-CHP,GAS,1675878.0,11312057.0,672284.0,802.307,0,0,0
55253,2019,IL,356.0,0.0216,IPP Non-CHP,GAS,67432.0,885012.0,52594.0,1559.925,0,0,0
55438,2019,IL,540.0,0.0541,IPP Non-CHP,GAS,255682.0,2908410.0,172842.0,1352.011,0,0,0
55199,2019,IL,1728.0,0.0165,IPP Non-CHP,GAS,249066.0,2908670.0,172859.0,1388.054,0,0,0
886,2019,IL,662.8,0.0004,IPP Non-CHP,OIL,2543.0,55292.0,4477.0,3520.805,0,0,0
56462,2019,IL,31.5,0.015,Electric Utility,GAS,4140.0,35078.0,2050.0,990.394,0,0,0
54556,2019,IL,54.6,0.5054,Industrial CHP,COAL,241752.0,1664559.0,145845.0,1206.564,0,0,0
384,2019,IL,1320.0,0.1228,IPP Non-CHP,GAS,1419542.0,14754149.0,874621.0,1232.257,0,0,0
55131,2019,IL,1256.0,0.6004,IPP Non-CHP,GAS,6605374.0,51521846.0,3061879.0,927.087,0,0,0
876,2019,IL,1319.0,0.2696,IPP Non-CHP,COAL,3114921.0,33203888.0,3482424.0,2235.963,0,0,0
55236,2019,IL,692.0,0.0233,IPP Non-CHP,GAS,141054.0,1858665.0,110458.0,1566.181,0,0,0
55222,2019,IL,692.0,0.002,IPP Non-CHP,GAS,11817.0,176103.0,10465.0,1771.198,0,0,0
55640,2019,IL,726.0,0.0821,IPP Non-CHP,GAS,522159.0,5130922.0,304921.0,1167.926,0,0,0
55216,2019,IL,212.5,0.351,IPP CHP,GAS,653343.0,4255713.0,248723.0,761.386,0,0,0
55183,2019,IL,627.5,0.7308,IPP Non-CHP,GAS,4017076.0,28040822.0,1666427.0,829.672,0,0,0
879,2019,IL,1785.6,0.1493,IPP Non-CHP,COAL,2334751.0,29651136.0,3153749.0,2701.572,0,0,0
55238,2019,IL,316.0,0.0478,IPP Non-CHP,GAS,132219.0,1419636.0,84367.0,1276.169,0,0,0
55936,2019,IL,168.0,0.058,IPP Non-CHP,GAS,85390.0,862798.0,51275.0,1200.959,0,0,0
55109,2019,IL,415.5,0.0132,IPP Non-CHP,GAS,47908.0,577558.0,34484.0,1439.573,0,0,0
961,2019,IL,27.3,0.0048,Electric Utility,GAS,1146.0,11403.0,847.0,1478.911,0,0,0
55281,2019,IL,407.2,0.0118,IPP Non-CHP,GAS,42137.0,607241.0,35854.0,1701.773,0,0,0
54044,2019,IL,59.9,0.2316,Commercial CHP,GAS,121546.0,652193.0,38117.0,627.205,0,0,0
55250,2019,IL,353.4,0.0683,IPP Non-CHP,GAS,211479.0,2354094.0,138878.0,1313.394,0,0,0
883,2019,IL,914.7,0.149,IPP Non-CHP,COAL,1193868.0,14452982.0,1529257.0,2561.854,0,0,0
884,2019,IL,1268.8,0.0699,IPP Non-CHP,COAL,776767.0,9149106.0,966337.0,2488.1,0,0,0
972,2019,IL,33.4,0.0097,Electric Utility,GAS,2841.0,46162.0,2710.0,1907.944,0,0,0
55392,2019,IL,994.5,0.0686,IPP Non-CHP,GAS,597390.0,7308070.0,434375.0,1454.243,0,0,0
7336,2019,IN,168.7,0.0043,Electric Utility,GAS,6297.0,82276.0,5268.0,1673.146,0,0,0
55502,2019,IN,1232.0,0.7331,IPP Non-CHP,GAS,7912142.0,57897452.0,3440767.0,869.744,0,0,0
7335,2019,IN,82.8,0.0035,Electric Utility,GAS,2523.0,33206.0,2028.0,1607.936,0,0,0
6166,2019,IN,2600.0,0.3577,Electric Utility,COAL,8146946.0,80067966.0,8395922.0,2061.121,0,0,0
57794,2019,IN,2186.0,0.2934,IPP Non-CHP,GAS,5617872.0,37803954.0,2246634.0,799.817,0,0,0
50366,2019,IN,39.6,0.2329,Commercial CHP,GAS,80799.0,457168.0,28706.0,710.552,0,0,0
1040,2019,IN,93.9,0.0469,Electric Utility,COAL,38593.0,523885.0,53749.0,2785.414,0,0,0
1353,2019,KY,1096.8,0.1106,Electric Utility,GAS,1062894.0,10644440.0,632584.0,1190.305,0,1,0
6018,2019,KY,772.0,0.4681,Electric Utility,COAL,3165500.0,36252984.0,3719554.0,2350.057,0,1,0
6041,2019,KY,1608.5,0.418,Electric Utility,COAL,5889596.0,53954630.0,5535736.0,1879.835,0,1,0
1384,2019,KY,344.0,0.056,Electric Utility,COAL,168610.0,2026258.0,207894.0,2465.977,0,1,0
55198,2019,KY,1150.0,0.0374,IPP Non-CHP,GAS,376501.0,4252409.0,252714.0,1342.435,0,1,0
54,2019,KY,1663.4,0.0244,Electric Utility,GAS,355650.0,4329858.0,257369.0,1447.317,0,1,0
55297,2019,MI,1176.0,0.7189,IPP Non-CHP,GAS,7405770.0,50958125.0,3028366.0,817.84,0,0,0
10384,2019,NC,114.8,0.0,IPP CHP,COAL,0.0,0.0,0.0,0.0,0,1,0
50555,2019,NC,180.0,0.0019,Electric Utility,OIL,2992.0,31243.0,2534.0,1693.571,0,1,0
55262,2019,OH,49.5,0.0058,Electric Utility,GAS,2533.0,31839.0,1879.0,1483.695,0,0,0
55263,2019,OH,49.5,0.0046,Electric Utility,GAS,1977.0,24673.0,1455.0,1471.826,0,0,0
55264,2019,OH,49.5,0.0051,Electric Utility,GAS,2197.0,26722.0,1577.0,1435.139,0,0,0
55990,2019,OH,26.1,0.8426,IPP CHP,GAS,192655.0,1001198.0,58515.0,607.454,0,0,0
2836,2019,OH,873.1,0.058,IPP Non-CHP,COAL,443676.0,4588658.0,470748.0,2122.034,0,0,0
2878,2019,OH,665.3,0.1168,IPP Non-CHP,OIL,680705.0,9006411.0,949720.0,2790.402,0,0,0
2903,2019,OH,39.3,0.0069,Electric Utility,GAS,2359.0,40066.0,2367.0,2006.737,0,0,0
2828,2019,OH,1880.4,0.5852,IPP Non-CHP,COAL,9640233.0,99848565.0,10241901.0,2124.824,0,0,0
59773,2019,OH,832.3,0.7135,IPP Non-CHP,GAS,5201771.0,37909972.0,2252940.0,866.22,0,0,0
57908,2019,OH,47.2,0.4819,Commercial CHP,GAS,199244.0,1107825.0,64763.0,650.088,0,0,0
60376,2019,OH,962.0,0.7105,IPP Non-CHP,GAS,5987495.0,40675062.0,2417265.0,807.438,0,0,0
2840,2019,OH,2174.8,0.1213,IPP Non-CHP,COAL,2310697.0,26826831.0,2751559.0,2381.584,0,0,0
55247,2019,OH,564.0,0.0789,IPP Non-CHP,GAS,389751.0,4780430.0,282955.0,1451.976,0,0,0
2914,2019,OH,53.6,0.1191,Electric Utility,COAL,55921.0,884000.0,90407.0,3233.378,0,0,0
55350,2019,OH,678.3,0.7506,Electric Utility,GAS,4459872.0,28772428.0,1709908.0,766.797,0,0,0
2831,2019,OH,159.1,0.0038,IPP Non-CHP,GAS,5245.0,160459.0,9378.0,3575.964,0,0,0
55736,2019,OH,1429.8,0.7866,IPP Non-CHP,GAS,9852082.0,71030332.0,4221230.0,856.921,0,0,0
55397,2019,OH,714.9,0.808,IPP Non-CHP,GAS,5060389.0,36245418.0,2154013.0,851.323,0,0,0
2837,2019,OH,1289.0,0.0,IPP Non-CHP,OIL,129.0,13440.0,1098.0,17016.263,0,0,0
55701,2019,OH,739.5,0.2941,Electric Utility,GAS,1905391.0,24765094.0,1471749.0,1544.826,0,0,0
8102,2019,OH,2600.0,0.61,IPP Non-CHP,COAL,13894111.0,138967856.0,14258083.0,2052.392,0,0,0
55228,2019,OH,236.0,0.0923,Electric Utility,GAS,190752.0,2022093.0,119919.0,1257.326,0,0,0
2917,2019,OH,138.1,0.0019,Electric Utility,GAS,2264.0,0.0,0.0,0.0,0,0,0
56848,2019,OH,67.0,0.5672,IPP CHP,COAL,332923.0,1786858.0,104433.0,627.369,0,0,0
2921,2019,OH,33.7,0.0,Electric Utility,OIL,0.0,0.0,0.0,0.0,0,0,0
55110,2019,OH,692.0,0.0551,Electric Utility,GAS,334086.0,4526960.0,269016.0,1610.458,0,0,0
2832,2019,OH,1444.0,0.5514,IPP Non-CHP,COAL,6974467.0,68208804.0,6998221.0,2006.812,0,0,0
57822,2019,OH,67.0,0.5277,IPP CHP,COAL,309687.0,1664606.0,97288.0,628.298,0,0,0
59326,2019,OH,543.9,0.6988,IPP Non-CHP,GAS,3329496.0,22262926.0,1323052.0,794.746,0,0,0
7783,2019,OH,32.0,0.0048,Electric Utility,GAS,1332.0,18052.0,1064.0,1598.048,0,0,0
7782,2019,OH,32.0,0.0069,Electric Utility,GAS,1919.0,25665.0,1515.0,1578.426,0,0,0
59764,2019,OH,1061.5,0.5907,IPP Non-CHP,GAS,5492860.0,36587764.0,2174355.0,791.702,0,0,0
2935,2019,OH,84.5,0.02,Electric Utility,COAL,14831.0,268756.0,23146.0,3121.266,0,0,0
2936,2019,OH,55.5,0.0055,Electric Utility,COAL,2656.0,48657.0,4895.0,3685.828,0,0,0
10244,2019,OH,92.8,0.4556,Industrial CHP,GAS,370394.0,1516144.0,0.0,0.0,0,0,0
2880,2019,OH,450.0,0.0592,IPP Non-CHP,GAS,233454.0,2933009.0,174304.0,1493.266,0,0,0
7872,2019,OH,594.0,0.0266,Electric Utility,GAS,138433.0,1422808.0,84152.0,1215.784,0,0,0
55401,2019,OH,977.5,0.0669,IPP Non-CHP,GAS,572939.0,6408009.0,380821.0,1329.359,0,0,0
2943,2019,OH,40.0,0.0,Electric Utility,OIL,0.0,0.0,0.0,0.0,0,0,0
2942,2019,OH,41.8,0.0006,Electric Utility,OIL,207.0,14535.0,1038.0,10033.614,0,0,0
2847,2019,OH,680.6,0.1436,IPP Non-CHP,GAS,856351.0,10675831.0,630392.0,1472.276,0,0,0
55348,2019,OH,795.6,0.0576,IPP Non-CHP,GAS,401519.0,4215690.0,251113.0,1250.816,0,0,0
2866,2019,OH,2468.1,0.183,IPP Non-CHP,COAL,3956914.0,43785982.0,4592274.0,2321.139,0,0,0
6019,2019,OH,1425.6,0.2842,IPP Non-CHP,COAL,3549263.0,40151206.0,4113463.0,2317.925,0,0,0
55503,2019,OH,921.6,0.7506,IPP Non-CHP,GAS,6059414.0,42556037.0,2529043.0,834.748,0,0,0
2909,2019,OH,32.0,0.0012,Electric Utility,GAS,346.0,5240.0,306.0,1770.231,0,0,0
2869,2019,OH,555.6,0.0021,IPP Non-CHP,OIL,10090.0,149508.0,10377.0,2056.854,0,0,0
7158,2019,OH,571.8,0.0276,Electric Utility,GAS,138225.0,1992994.0,123487.0,1786.75,0,0,0
2854,2019,OH,126.6,0.0058,IPP Non-CHP,GAS,6414.0,96600.0,5646.0,1760.444,0,0,0
50481,2019,TN,194.3,0.6176,Industrial CHP,COAL,1051146.0,6170173.0,464460.0,883.721,0,0,0
56807,2019,VA,559.0,0.7267,Electric Utility,GAS,3558440.0,25052968.0,1489568.0,837.203,1,0,0
50966,2019,VA,330.0,0.0,Electric Utility,OIL,0.0,0.0,0.0,0.0,1,0,0
54304,2019,VA,258.3,0.0214,IPP Non-CHP,COAL,48334.0,745873.0,10093.0,417.639,1,0,0
3796,2019,VA,254.2,0.0,Electric Utility,OIL,0.0,0.0,0.0,0.0,1,0,0
58260,2019,VA,1472.2,0.6462,Electric Utility,GAS,8333358.0,58476184.0,3475137.0,834.03,1,0,0
55738,2019,VA,88.0,0.4462,IPP Non-CHP,GAS,343967.0,3199418.0,190136.0,1105.549,1,0,0
52089,2019,VA,29.8,0.689,Industrial CHP,GAS,179857.0,1021371.0,59694.0,663.789,1,0,0
3803,2019,VA,812.1,0.0,Electric Utility,OIL,140.0,2317.0,189.0,2703.009,1,0,0
3797,2019,VA,1799.5,0.2293,Electric Utility,GAS,3614833.0,29625094.0,2169587.0,1200.38,1,0,0
10377,2019,VA,114.8,0.0171,IPP CHP,COAL,17158.0,104616.0,10733.0,1251.1,1,0,0
3775,2019,VA,712.5,0.0543,Electric Utility,GAS,338987.0,4096561.0,243453.0,1436.358,1,0,0
7213,2019,VA,848.0,0.1725,Electric Utility,COAL,1281310.0,14106945.0,1447371.0,2259.205,1,0,0
55381,2019,VA,402.5,0.0039,IPP Non-CHP,OIL,13750.0,188073.0,15261.0,2219.72,1,0,0
7212,2019,VA,368.4,0.0194,Electric Utility,GAS,62737.0,789257.0,47203.0,1504.796,1,0,0
52019,2019,VA,1313.0,0.4714,IPP Non-CHP,GAS,5422339.0,50376478.0,2996456.0,1105.226,1,0,0
52087,2019,VA,388.8,0.0288,Electric Utility,GAS,97913.0,1192979.0,70628.0,1442.664,1,0,0
54844,2019,VA,300.4,0.4573,Electric Utility,GAS,1203488.0,10179910.0,605725.0,1006.615,1,0,0
7032,2019,VA,407.7,0.0221,Electric Utility,GAS,78819.0,1020968.0,60617.0,1538.139,1,0,0
59913,2019,VA,1773.3,0.6347,Electric Utility,GAS,9859878.0,64656094.0,3842416.0,779.404,1,0,0
10633,2019,VA,399.0,0.4279,IPP CHP,GAS,1495428.0,12508925.0,743417.0,994.253,1,0,0
7839,2019,VA,892.5,0.0839,Electric Utility,GAS,656039.0,6507058.0,390042.0,1189.081,1,0,0
7837,2019,VA,509.1,0.1092,Electric Utility,GAS,486792.0,5580959.0,331878.0,1363.532,1,0,0
3799,2019,VA,82.8,0.0008,Electric Utility,OIL,599.0,10292.0,840.0,2806.264,1,0,0
7836,2019,VA,708.8,0.1141,Electric Utility,GAS,708342.0,7337606.0,436391.0,1232.147,1,0,0
52007,2019,VA,139.8,0.0,Electric Utility,OIL,0.0,0.0,0.0,0.0,1,0,0
3800,2019,VA,82.8,0.0007,Electric Utility,OIL,535.0,9644.0,788.0,2944.135,1,0,0
59004,2019,VA,812.0,0.5564,IPP Non-CHP,GAS,3957679.0,28332945.0,1683783.0,850.894,1,0,0
3804,2019,VA,2081.9,0.1566,Electric Utility,GAS,2855931.0,20793282.0,1245172.0,871.99,1,0,0
7838,2019,VA,705.5,0.0476,Electric Utility,GAS,294357.0,2968528.0,177496.0,1205.989,1,0,0
10017,2019,VA,101.0,0.6505,Industrial CHP,COAL,575563.0,3198151.0,101028.0,351.059,1,0,0
54081,2019,VA,229.6,0.0081,IPP CHP,COAL,16219.0,105128.0,9512.0,1172.974,1,0,0
3785,2019,VA,27.0,0.0028,IPP Non-CHP,OIL,656.0,12814.0,1046.0,3190.378,1,0,0
55439,2019,VA,1011.4,0.6702,IPP Non-CHP,GAS,5938030.0,41720036.0,2479734.0,835.204,1,0,0
56808,2019,VA,668.0,0.2025,Electric Utility,COAL,1185080.0,14152587.0,1219661.0,2058.36,1,0,0
55939,2019,VA,1472.2,0.68,Electric Utility,GAS,8769572.0,60258746.0,3581101.0,816.711,1,0,0
55285,2019,VA,285.0,0.0462,IPP Non-CHP,GAS,115294.0,1306037.0,77016.0,1335.995,1,0,0
3809,2019,VA,1257.0,0.0056,Electric Utility,OIL,61459.0,850598.0,70106.0,2281.393,1,0,0
50491,2019,WV,123.0,0.6338,Industrial CHP,GAS,682910.0,4426922.0,223841.0,655.551,0,1,0
55284,2019,WV,353.4,0.0794,IPP Non-CHP,GAS,245748.0,2699924.0,159246.0,1296.011,0,1,0
55276,2019,WV,519.0,0.08,Electric Utility,GAS,363635.0,4373505.0,258038.0,1419.212,0,1,0
3943,2019,WV,1152.0,0.664,Electric Utility,COAL,6701026.0,65632054.0,6733848.0,2009.796,0,1,0
10151,2019,WV,95.7,0.7133,IPP Non-CHP,COAL,598016.0,8916529.0,914839.0,3059.582,0,1,0
3944,2019,WV,2052.0,0.7173,Electric Utility,COAL,12894205.0,125969676.0,12924493.0,2004.698,0,1,0
3935,2019,WV,2932.6,0.3813,Electric Utility,COAL,9796207.0,101302104.0,10393186.0,2121.88,0,1,0
56671,2019,WV,807.5,0.7443,IPP Non-CHP,COAL,5264653.0,48599656.0,4986321.0,1894.264,0,1,0
3948,2019,WV,1632.6,0.3525,Electric Utility,COAL,5040707.0,54266048.0,5565467.0,2208.209,0,1,0
10743,2019,WV,68.9,0.5702,IPP CHP,COAL,344130.0,2999933.0,315860.0,1835.701,0,1,0
3954,2019,WV,1680.9,0.3079,Electric Utility,COAL,4533104.0,47839572.0,4908337.0,2165.552,0,1,0
6264,2019,WV,1300.0,0.7249,Electric Utility,COAL,8255230.0,82341339.0,8447286.0,2046.53,0,1,0
55349,2019,WV,344.0,0.3021,IPP Non-CHP,GAS,910204.0,9508956.0,565321.0,1242.186,0,1,0
6004,2019,WV,1368.0,0.4143,IPP Non-CHP,COAL,4965173.0,51541770.0,5288184.0,2130.111,0,1,0
55279,2023,IL,1086.2,0.0437,IPP Non-CHP,GAS,415315.0,4035101.0,239800.0,1154.787,0,0,1
63931,2023,IL,1300.0,0.3027,IPP Non-CHP,GAS,3447283.0,24946885.0,1482557.0,860.131,0,0,1
55296,2023,IL,312.8,0.0008,IPP Non-CHP,GAS,2152.0,44252.0,2630.0,2444.108,0,0,1
55188,2023,IL,611.2,0.1439,IPP Non-CHP,GAS,770247.0,5404751.0,321209.0,834.042,0,0,1
55253,2023,IL,356.0,0.0174,IPP Non-CHP,GAS,54112.0,743738.0,44201.0,1633.675,0,0,1
55438,2023,IL,540.0,0.0448,IPP Non-CHP,GAS,212045.0,2492450.0,148123.0,1397.094,0,0,1
55199,2023,IL,1728.0,0.0625,IPP Non-CHP,GAS,945799.0,10419818.0,619216.0,1309.403,0,0,1
56462,2023,IL,29.5,0.0141,Electric Utility,GAS,3655.0,31703.0,1853.0,1013.88,0,0,1
54556,2023,IL,54.6,0.4519,Industrial CHP,GAS,216153.0,1549850.0,0.0,0.0,0,0,1
60387,2023,IL,380.0,0.0994,IPP Non-CHP,GAS,330832.0,2801951.0,167886.0,1014.93,0,0,1
62926,2023,IL,1288.6,0.6287,IPP Non-CHP,GAS,7096466.0,47120750.0,2800315.0,789.214,0,0,1
384,2023,IL,1320.0,0.0612,IPP Non-CHP,GAS,707790.0,7601144.0,450594.0,1273.242,0,0,1
55131,2023,IL,1256.0,0.5331,IPP Non-CHP,GAS,5864878.0,44382845.0,2637608.0,899.459,0,0,1
876,2023,IL,1319.0,0.1929,IPP Non-CHP,COAL,2229160.0,24778315.0,2598742.0,2331.589,0,0,1
55640,2023,IL,726.0,0.0327,IPP Non-CHP,GAS,208155.0,1951701.0,115987.0,1114.43,0,0,1
55236,2023,IL,692.0,0.0111,IPP Non-CHP,GAS,66958.0,950774.0,56502.0,1687.682,0,0,1
55222,2023,IL,692.0,0.002,IPP Non-CHP,GAS,11981.0,172014.0,10222.0,1706.378,0,0,1
55216,2023,IL,218.8,0.2797,IPP CHP,GAS,536011.0,3398652.0,0.0,0.0,0,0,1
55183,2023,IL,627.5,0.5244,IPP Non-CHP,GAS,2882286.0,20660292.0,1227809.0,851.969,0,0,1
879,2023,IL,1785.6,0.0855,IPP Non-CHP,COAL,1337628.0,17728797.0,1859395.0,2780.138,0,0,1
55238,2023,IL,316.0,0.0387,IPP Non-CHP,GAS,107086.0,1112344.0,66106.0,1234.628,0,0,1
55936,2023,IL,168.0,0.0315,IPP Non-CHP,GAS,46369.0,460335.0,27357.0,1179.991,0,0,1
55109,2023,IL,415.5,0.0049,IPP Non-CHP,GAS,17823.0,221184.0,13145.0,1475.02,0,0,1
55250,2023,IL,353.4,0.027,IPP Non-CHP,GAS,83435.0,852542.0,50652.0,1214.165,0,0,1
54044,2023,IL,59.9,0.2051,Commercial CHP,GAS,107604.0,576393.0,33687.0,626.129,0,0,1
972,2023,IL,33.4,0.0131,Electric Utility,GAS,3824.0,53872.0,3175.0,1660.313,0,0,1
55392,2023,IL,596.7,0.0594,IPP Non-CHP,GAS,310517.0,3491750.0,207819.0,1338.536,0,0,1
7336,2023,IN,168.7,0.0322,Electric Utility,GAS,47628.0,614040.0,36499.0,1532.669,0,0,1
983,2023,IN,1303.8,0.4349,Electric Utility,COAL,4967140.0,56503929.0,5797298.0,2334.26,0,0,1
55502,2023,IN,1232.0,0.7948,IPP Non-CHP,GAS,8578210.0,63385881.0,3766927.0,878.255,0,0,1
7335,2023,IN,82.8,0.0187,Electric Utility,GAS,13559.0,172554.0,10282.0,1516.687,0,0,1
6166,2023,IN,2600.0,0.1095,Electric Utility,COAL,2493652.0,32521324.0,3388566.0,2717.753,0,0,1
57794,2023,IN,780.0,0.7312,IPP Non-CHP,GAS,4996115.0,33618624.0,1997908.0,799.785,0,0,1
50366,2023,IN,39.6,0.2515,Commercial CHP,GAS,87246.0,491919.0,28764.0,659.371,0,0,1
1040,2023,IN,93.9,0.0198,Electric Utility,COAL,16259.0,264989.0,27186.0,3344.125,0,0,1
1353,2023,KY,280.5,0.4771,Electric Utility,GAS,1172392.0,11735727.0,697438.0,1189.77,0,1,1
6018,2023,KY,772.0,0.3276,Electric Utility,COAL,2215274.0,26581378.0,2727245.0,2462.219,0,1,1
6041,2023,KY,1608.5,0.5321,Electric Utility,COAL,7497121.0,71000004.0,7284598.0,1943.305,0,1,1
1384,2023,KY,344.0,0.1585,Electric Utility,COAL,477471.0,5173770.0,530830.0,2223.507,0,1,1
55198,2023,KY,1150.0,0.0454,IPP Non-CHP,GAS,457178.0,5260109.0,312599.0,1367.515,0,1,1
54,2023,KY,1055.0,0.0448,Electric Utility,GAS,414069.0,5157543.0,306604.0,1480.933,0,1,1
55297,2023,MI,1176.0,0.733,Electric Utility,GAS,7551549.0,54670764.0,3249011.0,860.489,0,0,1
55460,2023,MI,1174.4,0.7209,IPP Non-CHP,GAS,7416392.0,48631226.0,2890082.0,779.377,0,0,1
50555,2023,NC,180.0,0.0041,Electric Utility,OIL,6533.0,74867.0,6070.0,1858.211,0,1,1
55262,2023,OH,49.5,0.0048,Electric Utility,GAS,2067.0,24540.0,1447.0,1400.29,0,0,1
55263,2023,OH,49.5,0.0045,Electric Utility,GAS,1950.0,25040.0,1478.0,1515.59,0,0,1
55264,2023,OH,49.5,0.0045,Electric Utility,GAS,1968.0,25851.0,1525.0,1549.39,0,0,1
55990,2023,OH,26.1,0.744,IPP CHP,GAS,170112.0,885353.0,51744.0,608.352,0,0,1
2878,2023,OH,187.0,0.5728,IPP CHP,OIL,938347.0,11491346.0,1211764.0,2582.762,0,0,1
2903,2023,OH,39.3,0.0027,Electric Utility,GAS,917.0,16352.0,970.0,2115.973,0,0,1
2828,2023,OH,1880.4,0.5876,IPP Non-CHP,COAL,9679859.0,98664486.0,10120044.0,2090.949,0,0,1
59773,2023,OH,832.3,0.7562,IPP Non-CHP,GAS,5513355.0,40620986.0,2414053.0,875.711,0,0,1
57908,2023,OH,47.2,0.5465,Commercial CHP,GAS,225959.0,1255872.0,73414.0,649.798,0,0,1
60376,2023,OH,962.0,0.7366,IPP Non-CHP,GAS,6207468.0,42026601.0,2497585.0,804.703,0,0,1
55247,2023,OH,564.0,0.1128,IPP Non-CHP,GAS,557272.0,3707299.0,220577.0,791.631,0,0,1
2831,2023,OH,159.1,0.0013,IPP Non-CHP,GAS,1863.0,36392.0,0.0,0.0,0,0,1
55350,2023,OH,678.3,0.6581,Electric Utility,GAS,3910371.0,27084460.0,1609592.0,823.242,0,0,1
55701,2023,OH,739.5,0.5206,Electric Utility,GAS,3372146.0,23672528.0,1406827.0,834.381,0,0,1
8102,2023,OH,2600.0,0.5941,IPP Non-CHP,COAL,13530200.0,143319971.0,14701693.0,2173.167,0,0,1
55228,2023,OH,236.0,0.0331,Electric Utility,GAS,68462.0,775931.0,45811.0,1338.293,0,0,1
62949,2023,OH,2055.0,0.453,IPP Non-CHP,GAS,8154972.0,59093531.0,3511848.0,861.278,0,0,1
55736,2023,OH,1429.8,0.841,IPP Non-CHP,GAS,10533130.0,77020565.0,4577222.0,869.109,0,0,1
56848,2023,OH,67.0,0.6022,IPP CHP,COAL,353432.0,1908394.0,98556.0,557.707,0,0,1
2876,2023,OH,1086.5,0.4793,Electric Utility,COAL,4561822.0,52013254.0,5336557.0,2339.66,0,0,1
61322,2023,OH,521.9,0.8427,IPP Non-CHP,GAS,3852850.0,24491546.0,1455495.0,755.542,0,0,1
55110,2023,OH,692.0,0.1531,Electric Utility,GAS,928096.0,11757360.0,698717.0,1505.699,0,0,1
2832,2023,OH,1180.8,0.2689,IPP Non-CHP,COAL,2781603.0,30507779.0,3130102.0,2250.574,0,0,1
57822,2023,OH,67.0,0.5674,IPP CHP,COAL,333038.0,1787733.0,92324.0,554.438,0,0,1
59326,2023,OH,543.9,0.7059,IPP Non-CHP,GAS,3363086.0,22810979.0,1355620.0,806.176,0,0,1
2848,2023,OH,32.6,0.0007,IPP Non-CHP,GAS,208.0,10602.0,0.0,0.0,0,0,1
7783,2023,OH,32.0,0.0054,Electric Utility,GAS,1523.0,23866.0,1408.0,1849.114,0,0,1
7782,2023,OH,32.0,0.0054,Electric Utility,GAS,1505.0,23337.0,1377.0,1829.502,0,0,1
59764,2023,OH,1061.5,0.6996,IPP Non-CHP,GAS,6505100.0,43875305.0,2607448.0,801.663,0,0,1
2935,2023,OH,84.5,0.0144,Electric Utility,GAS,10623.0,181510.0,14644.0,2757.007,0,0,1
2936,2023,OH,55.5,0.0015,Electric Utility,COAL,749.0,14171.0,1446.0,3860.777,0,0,1
10244,2023,OH,92.8,0.3588,Industrial CHP,GAS,291641.0,1310206.0,0.0,0.0,0,0,1
2880,2023,OH,450.0,0.0587,IPP Non-CHP,GAS,231458.0,3122265.0,185552.0,1603.328,0,0,1
7872,2023,OH,594.0,0.0356,Electric Utility,GAS,184978.0,2087298.0,123343.0,1333.593,0,0,1
55401,2023,OH,977.5,0.2655,IPP Non-CHP,GAS,2273194.0,24842428.0,1476371.0,1298.94,0,0,1
60356,2023,OH,1210.4,0.7784,IPP Non-CHP,GAS,8253298.0,55048067.0,3271423.0,792.755,0,0,1
2942,2023,OH,25.0,0.0003,Electric Utility,OIL,73.0,1422.0,102.0,2783.507,0,0,1
2847,2023,OH,680.6,0.2177,IPP Non-CHP,GAS,1298004.0,16384708.0,967071.0,1490.09,0,0,1
55348,2023,OH,795.6,0.1179,IPP Non-CHP,GAS,821693.0,8805228.0,524247.0,1276.016,0,0,1
2866,2023,OH,1706.5,0.06,IPP Non-CHP,COAL,896227.0,11251959.0,1180104.0,2633.495,0,0,1
55397,2023,OH,714.9,0.837,IPP Non-CHP,GAS,5241651.0,38438802.0,2284365.0,871.62,0,0,1
55503,2023,OH,921.6,0.672,IPP Non-CHP,GAS,5425452.0,38137179.0,2266433.0,835.482,0,0,1
2909,2023,OH,32.0,0.0,Electric Utility,GAS,0.0,0.0,0.0,0.0,0,0,1
2869,2023,OH,555.6,0.2233,IPP Non-CHP,OIL,1086809.0,13302722.0,789403.0,1452.699,0,0,1
7158,2023,OH,571.8,0.0333,Electric Utility,GAS,166823.0,3376076.0,200793.0,2407.264,0,0,1
2854,2023,OH,126.6,0.0043,IPP Non-CHP,GAS,4712.0,54457.0,3183.0,1350.898,0,0,1
56807,2023,VA,559.0,0.6174,Electric Utility,GAS,3023135.0,21211370.0,1260892.0,834.162,1,0,1
58260,2023,VA,1472.2,0.4914,Electric Utility,GAS,6337633.0,44523902.0,2645976.0,835.005,1,0,1
55738,2023,VA,88.0,0.2404,IPP Non-CHP,GAS,185336.0,1810926.0,107621.0,1161.361,1,0,1
52089,2023,VA,27.2,0.6775,Industrial CHP,GAS,161423.0,937037.0,0.0,0.0,1,0,1
3803,2023,VA,51.1,0.0004,Electric Utility,OIL,178.0,5473.0,447.0,5021.798,1,0,1
3797,2023,VA,1499.5,0.1849,Electric Utility,GAS,2429174.0,20322837.0,1419058.0,1168.346,1,0,1
3775,2023,VA,475.0,0.0206,Electric Utility,GAS,85760.0,1123801.0,66785.0,1557.483,1,0,1
7213,2023,VA,848.0,0.0334,Electric Utility,COAL,247929.0,2992010.0,306980.0,2476.356,1,0,1
55381,2023,VA,402.5,0.0065,IPP Non-CHP,OIL,22908.0,244472.0,19837.0,1731.905,1,0,1
7212,2023,VA,368.4,0.0366,Electric Utility,GAS,118074.0,1570094.0,93930.0,1591.036,1,0,1
52019,2023,VA,1313.0,0.4606,IPP Non-CHP,GAS,5297757.0,47820510.0,2842367.0,1073.046,1,0,1
52087,2023,VA,388.8,0.0321,Electric Utility,GAS,109176.0,1313819.0,78091.0,1430.553,1,0,1
54844,2023,VA,300.4,0.3489,Electric Utility,GAS,918011.0,7735182.0,460011.0,1002.19,1,0,1
7032,2023,VA,407.7,0.025,Electric Utility,GAS,89293.0,1177420.0,70338.0,1575.445,1,0,1
59913,2023,VA,1773.3,0.6622,Electric Utility,GAS,10286001.0,66713288.0,3964668.0,770.886,1,0,1
10633,2023,VA,399.0,0.261,IPP CHP,GAS,912120.0,7019981.0,417244.0,914.889,1,0,1
7839,2023,VA,892.5,0.1089,Electric Utility,GAS,851408.0,8678749.0,518688.0,1218.423,1,0,1
7837,2023,VA,509.1,0.0531,Electric Utility,GAS,236859.0,2912577.0,173232.0,1462.747,1,0,1
3799,2023,VA,82.8,0.0002,Electric Utility,OIL,134.0,2632.0,215.0,3208.0,1,0,1
7836,2023,VA,513.3,0.0479,Electric Utility,GAS,215386.0,2409603.0,143370.0,1331.281,1,0,1
3800,2023,VA,82.8,0.0021,Electric Utility,OIL,1516.0,25007.0,2042.0,2694.121,1,0,1
3804,2023,VA,709.0,0.301,Electric Utility,GAS,1869422.0,13686772.0,813390.0,870.205,1,0,1
59004,2023,VA,812.0,0.6228,IPP Non-CHP,GAS,4430148.0,31349488.0,1821332.0,822.245,1,0,1
7838,2023,VA,705.5,0.0499,Electric Utility,GAS,308482.0,3046871.0,182519.0,1183.336,1,0,1
54081,2023,VA,114.8,0.0566,IPP CHP,GAS,56935.0,342380.0,20347.0,714.761,1,0,1
3785,2023,VA,27.0,0.0099,IPP Non-CHP,OIL,2338.0,54579.0,4428.0,3787.425,1,0,1
55439,2023,VA,1011.4,0.4439,IPP Non-CHP,GAS,3933012.0,28323991.0,1684193.0,856.439,1,0,1
56808,2023,VA,668.0,0.1287,Electric Utility,COAL,753348.0,8955820.0,802815.0,2131.325,1,0,1
55939,2023,VA,1472.2,0.6567,Electric Utility,GAS,8468725.0,58086030.0,3451964.0,815.226,1,0,1
50900,2023,VA,160.9,0.4704,Industrial CHP,GAS,663062.0,4019228.0,0.0,0.0,1,0,1
54998,2023,VA,60.0,0.0948,Commercial CHP,OIL,49848.0,381725.0,23468.0,941.602,1,0,1
55285,2023,VA,285.0,0.0309,IPP Non-CHP,GAS,77112.0,847654.0,50345.0,1305.766,1,0,1
3809,2023,VA,882.0,0.0,Electric Utility,OIL,0.0,20096.0,1625.0,0.0,1,0,1
50491,2023,WV,115.5,0.6597,Industrial CHP,GAS,667439.0,4403030.0,178631.0,535.272,0,1,1
55284,2023,WV,353.4,0.105,IPP Non-CHP,GAS,324962.0,3626619.0,215389.0,1325.623,0,1,1
55276,2023,WV,519.0,0.1033,Electric Utility,GAS,469800.0,5793470.0,341802.0,1455.095,0,1,1
3943,2023,WV,1152.0,0.4328,Electric Utility,COAL,4367854.0,43601259.0,4473492.0,2048.37,0,1,1
10151,2023,WV,95.7,0.7142,IPP Non-CHP,COAL,598706.0,7785026.0,798740.0,2668.222,0,1,1
3944,2023,WV,2052.0,0.6227,Electric Utility,COAL,11192671.0,119151095.0,12224898.0,2184.447,0,1,1
3935,2023,WV,2932.6,0.3321,Electric Utility,COAL,8530226.0,93206510.0,9557750.0,2240.914,0,1,1
56671,2023,WV,807.5,0.5543,IPP Non-CHP,COAL,3921097.0,37309141.0,3827911.0,1952.47,0,1,1
3948,2023,WV,1632.6,0.2327,Electric Utility,COAL,3327304.0,38158333.0,3908528.0,2349.366,0,1,1
3954,2023,WV,1680.9,0.239,Electric Utility,COAL,3519306.0,37922955.0,3890891.0,2211.17,0,1,1
6264,2023,WV,1300.0,0.4363,Electric Utility,COAL,4968702.0,51715848.0,5301428.0,2133.929,0,1,1
55349,2023,WV,344.0,0.7304,IPP Non-CHP,GAS,2200939.0,23000402.0,1367173.0,1242.354,0,1,1
6004,2023,WV,1368.0,0.3824,IPP Non-CHP,COAL,4583015.0,48806716.0,5007568.0,2185.272,0,1,1
55279,2022,IL,1086.2,0.0356,IPP Non-CHP,GAS,339135.0,3529728.0,209761.0,1237.035,0,0,1
55296,2022,IL,312.8,0.0031,IPP Non-CHP,GAS,8406.0,89411.0,5314.0,1264.258,0,0,1
55188,2022,IL,611.2,0.0672,IPP Non-CHP,GAS,359695.0,2559259.0,152097.0,845.7,0,0,1
55253,2022,IL,356.0,0.0076,IPP Non-CHP,GAS,23794.0,305739.0,18169.0,1527.205,0,0,1
55438,2022,IL,540.0,0.0271,IPP Non-CHP,GAS,128036.0,1520218.0,90344.0,1411.233,0,0,1
55199,2022,IL,1728.0,0.0105,IPP Non-CHP,GAS,158559.0,1802628.0,107127.0,1351.258,0,0,1
56462,2022,IL,29.5,0.0394,Electric Utility,GAS,10168.0,92052.0,5380.0,1058.209,0,0,1
54556,2022,IL,54.6,0.4529,Industrial CHP,GAS,216622.0,1498490.0,87579.0,808.584,0,0,1
62926,2022,IL,1288.6,0.4594,IPP Non-CHP,GAS,5185217.0,34988692.0,2079325.0,802.02,0,0,1
384,2022,IL,1320.0,0.0476,IPP Non-CHP,GAS,550371.0,5753046.0,341042.0,1239.315,0,0,1
55131,2022,IL,1256.0,0.463,IPP Non-CHP,GAS,5094602.0,38951151.0,2314819.0,908.734,0,0,1
876,2022,IL,1319.0,0.3137,IPP Non-CHP,COAL,3624856.0,39155351.0,4106612.0,2265.807,0,0,1
55236,2022,IL,692.0,0.0124,IPP Non-CHP,GAS,75392.0,1056499.0,62787.0,1665.614,0,0,1
55222,2022,IL,692.0,0.0003,IPP Non-CHP,GAS,1931.0,29215.0,1736.0,1798.259,0,0,1
55640,2022,IL,726.0,0.0335,IPP Non-CHP,GAS,213234.0,2063827.0,122652.0,1150.402,0,0,1
55216,2022,IL,218.8,0.3053,IPP CHP,GAS,585238.0,3837556.0,224284.0,766.472,0,0,1
55183,2022,IL,627.5,0.4896,IPP Non-CHP,GAS,2691374.0,19067344.0,1133146.0,842.058,0,0,1
879,2022,IL,1785.6,0.3257,IPP Non-CHP,COAL,5094904.0,59372778.0,6314958.0,2478.931,0,0,1
55238,2022,IL,316.0,0.0286,IPP Non-CHP,GAS,79238.0,813777.0,48360.0,1220.639,0,0,1
55936,2022,IL,168.0,0.0421,IPP Non-CHP,GAS,61887.0,618896.0,36780.0,1188.62,0,0,1
55109,2022,IL,415.5,0.0049,IPP Non-CHP,GAS,17823.0,217349.0,12917.0,1449.487,0,0,1
54044,2022,IL,59.9,0.1748,Commercial CHP,GAS,91737.0,580613.0,33934.0,739.803,0,0,1
55250,2022,IL,353.4,0.026,IPP Non-CHP,GAS,80605.0,845938.0,49901.0,1238.156,0,0,1
883,2022,IL,793.7,0.177,IPP Non-CHP,COAL,1230821.0,14445675.0,1526431.0,2480.346,0,0,1
884,2022,IL,598.4,0.058,IPP Non-CHP,COAL,304087.0,3711570.0,392018.0,2578.328,0,0,1
972,2022,IL,33.4,0.0085,Electric Utility,GAS,2481.0,41013.0,2427.0,1956.268,0,0,1
55392,2022,IL,596.7,0.0634,IPP Non-CHP,GAS,331565.0,3723004.0,222882.0,1344.426,0,0,1
7336,2022,IN,168.7,0.0271,Electric Utility,GAS,40003.0,519368.0,31463.0,1573.024,0,0,1
983,2022,IN,1303.8,0.509,Electric Utility,COAL,5813741.0,63297933.0,6494365.0,2234.143,0,0,1
55502,2022,IN,1232.0,0.7891,IPP Non-CHP,GAS,8516235.0,62947829.0,3740899.0,878.533,0,0,1
7335,2022,IN,82.8,0.0182,Electric Utility,GAS,13172.0,175945.0,10864.0,1649.508,0,0,1
6166,2022,IN,2600.0,0.1976,Electric Utility,COAL,4500501.0,67017872.0,7027944.0,3123.183,0,0,1
57794,2022,IN,780.0,0.7295,IPP Non-CHP,GAS,4984533.0,34323169.0,2039775.0,818.442,0,0,1
50366,2022,IN,39.6,0.2275,Commercial CHP,GAS,78925.0,446046.0,26094.0,661.226,0,0,1
1040,2022,IN,93.9,0.0612,Electric Utility,COAL,50370.0,709198.0,72765.0,2889.212,0,0,1
1353,2022,KY,280.5,0.2075,Electric Utility,GAS,509951.0,5272828.0,313359.0,1228.976,0,1,1
6018,2022,KY,772.0,0.4107,Electric Utility,COAL,2777700.0,33191840.0,3405481.0,2452.015,0,1,1
6041,2022,KY,1608.5,0.5955,Electric Utility,COAL,8390600.0,78355968.0,8039325.0,1916.27,0,1,1
1384,2022,KY,344.0,0.1823,Electric Utility,COAL,549282.0,5962589.0,611762.0,2227.495,0,1,1
55198,2022,KY,1150.0,0.0646,IPP Non-CHP,GAS,650913.0,7274930.0,432339.0,1328.407,0,1,1
54,2022,KY,1055.0,0.0769,Electric Utility,GAS,710543.0,8926541.0,533967.0,1502.983,0,1,1
55297,2022,MI,1176.0,0.6604,IPP Non-CHP,GAS,6803547.0,52480554.0,3118851.0,916.831,0,0,1
55460,2022,MI,1174.4,0.2991,IPP Non-CHP,GAS,3077086.0,21291017.0,1265294.0,822.397,0,0,1
50555,2022,NC,180.0,0.001,Electric Utility,OIL,1643.0,19019.0,1542.0,1877.441,0,1,1
55262,2022,OH,49.5,0.0034,Electric Utility,GAS,1458.0,15774.0,931.0,1277.366,0,0,1
55263,2022,OH,49.5,0.0035,Electric Utility,GAS,1502.0,13300.0,786.0,1046.871,0,0,1
55264,2022,OH,49.5,0.0033,Electric Utility,GAS,1430.0,16598.0,980.0,1370.769,0,0,1
55990,2022,OH,26.1,0.7073,IPP CHP,GAS,161718.0,853942.0,49908.0,617.225,0,0,1
2836,2022,OH,712.1,0.0786,IPP Non-CHP,COAL,490157.0,4621932.0,473835.0,1933.4,0,0,1
2878,2022,OH,187.0,0.5511,IPP CHP,OIL,902679.0,11923307.0,1257312.0,2785.735,0,0,1
2903,2022,OH,39.3,0.008,Electric Utility,GAS,2756.0,45053.0,2669.0,1936.71,0,0,1
2828,2022,OH,1880.4,0.653,IPP Non-CHP,COAL,10755882.0,107777853.0,11057220.0,2056.032,0,0,1
59773,2022,OH,832.3,0.7311,IPP Non-CHP,GAS,5330523.0,39171278.0,2327899.0,873.422,0,0,1
57908,2022,OH,47.2,0.4991,Commercial CHP,GAS,206347.0,1147285.0,67143.0,650.772,0,0,1
60376,2022,OH,962.0,0.7555,IPP Non-CHP,GAS,6366323.0,43752567.0,2600157.0,816.847,0,0,1
55247,2022,OH,564.0,0.0698,IPP Non-CHP,GAS,344734.0,4144909.0,249374.0,1446.763,0,0,1
2831,2022,OH,159.1,0.0082,IPP Non-CHP,GAS,11389.0,87358.0,5106.0,896.58,0,0,1
2914,2022,OH,49.6,0.1796,Electric Utility,COAL,78030.0,1314957.0,134685.0,3452.131,0,0,1
55350,2022,OH,678.3,0.7517,Electric Utility,GAS,4466737.0,29549925.0,1756107.0,786.304,0,0,1
55701,2022,OH,739.5,0.6134,Electric Utility,GAS,3973796.0,27993900.0,1663636.0,837.303,0,0,1
8102,2022,OH,2600.0,0.527,IPP Non-CHP,COAL,12002301.0,120302728.0,12341946.0,2056.597,0,0,1
55228,2022,OH,236.0,0.0968,Electric Utility,GAS,200086.0,2092899.0,123572.0,1235.191,0,0,1
55736,2022,OH,1429.8,0.7968,IPP Non-CHP,GAS,9979375.0,72152363.0,4287920.0,859.356,0,0,1
2876,2022,OH,1086.5,0.5494,Electric Utility,COAL,5229446.0,59249637.0,6079003.0,2324.913,0,0,1
61322,2022,OH,1043.8,0.2835,IPP Non-CHP,GAS,2592141.0,16339177.0,971012.0,749.197,0,0,1
55110,2022,OH,692.0,0.1065,Electric Utility,GAS,645270.0,8314789.0,494105.0,1531.466,0,0,1
2832,2022,OH,1180.8,0.6034,IPP Non-CHP,COAL,6241192.0,64094294.0,6576076.0,2107.314,0,0,1
59326,2022,OH,543.9,0.7464,IPP Non-CHP,GAS,3556461.0,23989630.0,1425670.0,801.735,0,0,1
2848,2022,OH,32.6,0.001,IPP Non-CHP,GAS,297.0,13392.0,783.0,5270.633,0,0,1
7783,2022,OH,32.0,0.0034,Electric Utility,GAS,961.0,10770.0,635.0,1322.164,0,0,1
7782,2022,OH,32.0,0.0045,Electric Utility,GAS,1258.0,15140.0,893.0,1419.714,0,0,1
59764,2022,OH,1061.5,0.6088,IPP Non-CHP,GAS,5660712.0,38733171.0,2301852.0,813.273,0,0,1
2935,2022,OH,84.5,0.0399,Electric Utility,COAL,29511.0,507466.0,45661.0,3094.493,0,0,1
2936,2022,OH,55.5,0.0001,Electric Utility,COAL,38.0,6167.0,546.0,28762.053,0,0,1
2937,2022,OH,36.3,0.0,Electric Utility,OIL,0.0,0.0,0.0,0.0,0,0,1
10244,2022,OH,92.8,0.425,Industrial CHP,GAS,345489.0,1517664.0,0.0,0.0,0,0,1
2880,2022,OH,450.0,0.0693,IPP Non-CHP,GAS,273209.0,3544255.0,210630.0,1541.9,0,0,1
7872,2022,OH,594.0,0.1057,Electric Utility,GAS,549760.0,5928550.0,350158.0,1273.858,0,0,1
55401,2022,OH,977.5,0.1638,IPP Non-CHP,GAS,1402678.0,15482830.0,920133.0,1311.966,0,0,1
60356,2022,OH,1210.4,0.8008,IPP Non-CHP,GAS,8490504.0,55878140.0,3320759.0,782.229,0,0,1
2942,2022,OH,25.0,0.001,Electric Utility,OIL,213.0,196815.0,14062.0,132035.7,0,0,1
2847,2022,OH,680.6,0.1936,IPP Non-CHP,GAS,1154306.0,14515347.0,858095.0,1486.771,0,0,1
55348,2022,OH,795.6,0.1474,IPP Non-CHP,GAS,1027415.0,10927166.0,650714.0,1266.702,0,0,1
2866,2022,OH,1706.5,0.3516,IPP Non-CHP,COAL,5256645.0,63004674.0,6607928.0,2514.124,0,0,1
6019,2022,OH,1425.6,0.244,IPP Non-CHP,COAL,3046993.0,32715876.0,3356445.0,2203.12,0,0,1
55397,2022,OH,714.9,0.796,IPP Non-CHP,GAS,4984653.0,36289378.0,2156631.0,865.309,0,0,1
55503,2022,OH,921.6,0.822,IPP Non-CHP,GAS,6636082.0,46791681.0,2780761.0,838.073,0,0,1
2909,2022,OH,32.0,0.0,Electric Utility,GAS,0.0,0.0,0.0,0.0,0,0,1
2869,2022,OH,555.6,0.1264,IPP Non-CHP,OIL,615209.0,7525591.0,451238.0,1466.941,0,0,1
7158,2022,OH,571.8,0.0202,Electric Utility,GAS,101264.0,1833386.0,116535.0,2301.611,0,0,1
2854,2022,OH,126.6,0.0168,IPP Non-CHP,GAS,18591.0,263723.0,15413.0,1658.132,0,0,1
56807,2022,VA,559.0,0.4917,Electric Utility,GAS,2407706.0,17069957.0,1018087.0,845.69,1,0,1
58260,2022,VA,1472.2,0.5605,Electric Utility,GAS,7228016.0,51184898.0,3041844.0,841.681,1,0,1
55738,2022,VA,88.0,0.4302,IPP Non-CHP,GAS,331611.0,3153157.0,187385.0,1130.149,1,0,1
52089,2022,VA,27.2,0.6923,Industrial CHP,GAS,164960.0,946717.0,55330.0,670.835,1,0,1
3803,2022,VA,51.1,0.0034,Electric Utility,OIL,1533.0,25438.0,2077.0,2710.163,1,0,1
3797,2022,VA,1499.5,0.2506,Electric Utility,COAL,3292150.0,29440387.0,2388415.0,1450.976,1,0,1
3775,2022,VA,475.0,0.0206,Electric Utility,GAS,85724.0,1028960.0,61148.0,1426.614,1,0,1
7213,2022,VA,848.0,0.085,Electric Utility,COAL,631232.0,7158960.0,734507.0,2327.218,1,0,1
55381,2022,VA,402.5,0.0158,IPP Non-CHP,OIL,55864.0,577711.0,46878.0,1678.279,1,0,1
7212,2022,VA,368.4,0.017,Electric Utility,GAS,54999.0,703207.0,48690.0,1770.559,1,0,1
52019,2022,VA,1313.0,0.3985,IPP Non-CHP,GAS,4583416.0,41781579.0,2493716.0,1088.147,1,0,1
52087,2022,VA,388.8,0.018,Electric Utility,GAS,61298.0,771311.0,53188.0,1735.388,1,0,1
54844,2022,VA,300.4,0.3882,Electric Utility,GAS,1021654.0,8517052.0,510649.0,999.651,1,0,1
7032,2022,VA,407.7,0.0091,Electric Utility,GAS,32616.0,424750.0,28793.0,1765.581,1,0,1
59913,2022,VA,1773.3,0.7175,Electric Utility,GAS,11145392.0,72122470.0,4286145.0,769.133,1,0,1
10633,2022,VA,399.0,0.1939,IPP CHP,GAS,677731.0,5616776.0,338971.0,1000.312,1,0,1
52152,2022,VA,82.5,0.2867,Industrial CHP,GAS,207161.0,0.0,0.0,0.0,1,0,1
7839,2022,VA,892.5,0.112,Electric Utility,GAS,875311.0,8957830.0,550696.0,1258.287,1,0,1
7837,2022,VA,509.1,0.0524,Electric Utility,GAS,233835.0,2762360.0,168789.0,1443.661,1,0,1
3799,2022,VA,82.8,0.0036,Electric Utility,OIL,2615.0,47352.0,3867.0,2957.476,1,0,1
7836,2022,VA,513.3,0.0742,Electric Utility,GAS,333810.0,3659616.0,223460.0,1338.845,1,0,1
3800,2022,VA,82.8,0.0273,Electric Utility,OIL,19824.0,332771.0,27175.0,2741.63,1,0,1
3804,2022,VA,709.0,0.2844,Electric Utility,GAS,1766039.0,13042295.0,777459.0,880.455,1,0,1
59004,2022,VA,812.0,0.4921,IPP Non-CHP,GAS,3500284.0,24641530.0,1444186.0,825.182,1,0,1
7838,2022,VA,705.5,0.1141,Electric Utility,GAS,705265.0,7245536.0,441692.0,1252.555,1,0,1
54081,2022,VA,114.8,0.0678,IPP CHP,GAS,68207.0,410523.0,24397.0,715.389,1,0,1
3785,2022,VA,27.0,0.0074,IPP Non-CHP,OIL,1749.0,41765.0,3388.0,3874.214,1,0,1
55439,2022,VA,1011.4,0.4205,IPP Non-CHP,GAS,3725379.0,26761636.0,1592749.0,855.08,1,0,1
56808,2022,VA,668.0,0.233,Electric Utility,COAL,1363496.0,14833805.0,1400433.0,2054.18,1,0,1
55939,2022,VA,1472.2,0.5938,Electric Utility,GAS,7658025.0,52870869.0,3142028.0,820.585,1,0,1
54998,2022,VA,60.0,0.2374,Commercial CHP,OIL,124779.0,1003095.0,64399.0,1032.203,1,0,1
55285,2022,VA,285.0,0.0144,IPP Non-CHP,GAS,35916.0,427929.0,25210.0,1403.809,1,0,1
3809,2022,VA,882.0,0.004,Electric Utility,OIL,30519.0,423923.0,34295.0,2247.427,1,0,1
50491,2022,WV,115.5,0.5079,Industrial CHP,GAS,513834.0,3466719.0,204509.0,796.011,0,1,1
55284,2022,WV,353.4,0.0834,IPP Non-CHP,GAS,258049.0,2806997.0,165579.0,1283.315,0,1,1
55276,2022,WV,519.0,0.0876,Electric Utility,GAS,398273.0,4847924.0,286044.0,1436.421,0,1,1
3943,2022,WV,1152.0,0.4909,Electric Utility,COAL,4954208.0,51504797.0,5284387.0,2133.292,0,1,1
10151,2022,WV,95.7,0.7327,IPP Non-CHP,COAL,614244.0,8079647.0,828980.0,2699.189,0,1,1
3944,2022,WV,2052.0,0.6708,Electric Utility,COAL,12058137.0,124630985.0,12787135.0,2120.914,0,1,1
3935,2022,WV,2932.6,0.2844,Electric Utility,COAL,7306252.0,78748564.0,8079241.0,2211.597,0,1,1
56671,2022,WV,807.5,0.6446,IPP Non-CHP,COAL,4559836.0,42116988.0,4321201.0,1895.332,0,1,1
3948,2022,WV,1632.6,0.2449,Electric Utility,COAL,3501887.0,39471973.0,4048991.0,2312.462,0,1,1
3954,2022,WV,1680.9,0.3154,Electric Utility,COAL,4644202.0,48680262.0,4994593.0,2150.894,0,1,1
6264,2022,WV,1300.0,0.4581,Electric Utility,COAL,5216833.0,53453739.0,5481463.0,2101.452,0,1,1
55349,2022,WV,344.0,0.301,IPP Non-CHP,GAS,906927.0,9569666.0,572191.0,1261.824,0,1,1
6004,2022,WV,1368.0,0.6743,IPP Non-CHP,COAL,8080662.0,82324426.0,8446479.0,2090.541,0,1,1
55279,2021,IL,1086.2,0.0814,IPP Non-CHP,GAS,774176.0,7815525.0,464463.0,1199.891,0,0,1
55296,2021,IL,312.8,0.0071,IPP Non-CHP,GAS,19348.0,390481.0,22682.0,2344.645,0,0,1
55188,2021,IL,611.2,0.4166,IPP Non-CHP,GAS,2230323.0,15246182.0,906090.0,812.519,0,0,1
55253,2021,IL,356.0,0.0087,IPP Non-CHP,GAS,27150.0,403375.0,23972.0,1765.897,0,0,1
55438,2021,IL,540.0,0.105,IPP Non-CHP,GAS,496717.0,5758841.0,342239.0,1378.004,0,0,1
55199,2021,IL,1728.0,0.0553,IPP Non-CHP,GAS,836575.0,9382343.0,557575.0,1332.995,0,0,1
56462,2021,IL,29.5,0.0169,Electric Utility,GAS,4355.0,37477.0,2190.0,1005.89,0,0,1
54556,2021,IL,54.6,0.5307,Industrial CHP,GAS,253819.0,1744117.0,101934.0,803.203,0,0,1
384,2021,IL,1320.0,0.0607,IPP Non-CHP,GAS,701799.0,7579507.0,449311.0,1280.456,0,0,1
55131,2021,IL,1256.0,0.5423,IPP Non-CHP,GAS,5966561.0,45801221.0,2721900.0,912.385,0,0,1
876,2021,IL,1319.0,0.3404,IPP Non-CHP,COAL,3933111.0,40652239.0,4263606.0,2168.058,0,0,1
55236,2021,IL,692.0,0.0542,IPP Non-CHP,GAS,328567.0,4477938.0,266114.0,1619.846,0,0,1
55222,2021,IL,692.0,0.0027,IPP Non-CHP,GAS,16637.0,240939.0,14319.0,1721.398,0,0,1
55640,2021,IL,726.0,0.1323,IPP Non-CHP,GAS,841111.0,8699857.0,517025.0,1229.387,0,0,1
55216,2021,IL,218.8,0.3211,IPP CHP,GAS,615510.0,4024481.0,235209.0,764.273,0,0,1
55183,2021,IL,627.5,0.4067,IPP Non-CHP,GAS,2235299.0,15851505.0,942036.0,842.872,0,0,1
879,2021,IL,1785.6,0.1727,IPP Non-CHP,COAL,2701322.0,33359096.0,3548135.0,2626.962,0,0,1
55238,2021,IL,316.0,0.0955,IPP Non-CHP,GAS,264296.0,2867676.0,170422.0,1289.633,0,0,1
55936,2021,IL,168.0,0.114,IPP Non-CHP,GAS,167822.0,1710671.0,101663.0,1211.563,0,0,1
55109,2021,IL,415.5,0.0385,IPP Non-CHP,GAS,140188.0,1669701.0,99351.0,1417.398,0,0,1
54044,2021,IL,59.9,0.2357,Commercial CHP,GAS,123684.0,663854.0,38799.0,627.383,0,0,1
55250,2021,IL,353.4,0.0732,IPP Non-CHP,GAS,226635.0,2508871.0,147989.0,1305.968,0,0,1
883,2021,IL,793.7,0.2996,IPP Non-CHP,COAL,2083299.0,24505496.0,2593775.0,2490.065,0,0,1
884,2021,IL,598.4,0.1324,IPP Non-CHP,COAL,694080.0,8359148.0,882901.0,2544.09,0,0,1
972,2021,IL,33.4,0.0133,Electric Utility,GAS,3889.0,67815.0,4000.0,2057.049,0,0,1
55392,2021,IL,596.7,0.1221,IPP Non-CHP,GAS,638453.0,7063247.0,422265.0,1322.776,0,0,1
7336,2021,IN,168.7,0.0122,Electric Utility,GAS,18031.0,245393.0,14852.0,1647.395,0,0,1
983,2021,IN,1303.8,0.4408,Electric Utility,COAL,5034223.0,55415615.0,5685636.0,2258.794,0,0,1
55502,2021,IN,1232.0,0.7372,IPP Non-CHP,GAS,7955751.0,58949126.0,3503257.0,880.685,0,0,1
7335,2021,IN,82.8,0.0132,Electric Utility,GAS,9560.0,132673.0,7991.0,1671.761,0,0,1
6166,2021,IN,2600.0,0.2108,Electric Utility,COAL,4802163.0,53416880.0,5602079.0,2333.148,0,0,1
57794,2021,IN,780.0,0.6513,IPP Non-CHP,GAS,4449837.0,30248572.0,1797633.0,807.954,0,0,1
50366,2021,IN,39.6,0.2104,Commercial CHP,GAS,72976.0,412825.0,24164.0,662.236,0,0,1
1040,2021,IN,93.9,0.034,Electric Utility,COAL,27965.0,397943.0,40828.0,2919.941,0,0,1
1353,2021,KY,280.5,0.2241,Electric Utility,GAS,550541.0,5683037.0,337737.0,1226.928,0,1,1
6018,2021,KY,772.0,0.376,Electric Utility,COAL,2542673.0,28863965.0,2961446.0,2329.396,0,1,1
6041,2021,KY,1608.5,0.5982,Electric Utility,COAL,8428929.0,76896472.0,7889578.0,1872.024,0,1,1
1384,2021,KY,344.0,0.1588,Electric Utility,COAL,478612.0,5142217.0,527588.0,2204.659,0,1,1
55198,2021,KY,1150.0,0.0558,IPP Non-CHP,GAS,561639.0,6489857.0,385682.0,1373.415,0,1,1
54,2021,KY,1055.0,0.0632,Electric Utility,GAS,584332.0,7003137.0,416952.0,1427.106,0,1,1
55297,2021,MI,1176.0,0.6839,IPP Non-CHP,GAS,7045134.0,51230926.0,3044577.0,864.306,0,0,1
50555,2021,NC,180.0,0.0067,Electric Utility,OIL,10517.0,103327.0,8379.0,1593.487,0,1,1
55262,2021,OH,49.5,0.0068,Electric Utility,GAS,2933.0,29676.0,1751.0,1194.204,0,0,1
55263,2021,OH,49.5,0.0064,Electric Utility,GAS,2755.0,33890.0,1998.0,1450.091,0,0,1
55264,2021,OH,49.5,0.0069,Electric Utility,GAS,2980.0,34202.0,2018.0,1354.161,0,0,1
55990,2021,OH,26.1,0.7672,IPP CHP,GAS,175414.0,916376.0,53557.0,610.637,0,0,1
2836,2021,OH,712.1,0.1329,IPP Non-CHP,COAL,828701.0,8203197.0,841615.0,2031.167,0,0,1
2878,2021,OH,166.5,0.6679,IPP CHP,OIL,974210.0,12789045.0,1348606.0,2768.614,0,0,1
2903,2021,OH,39.3,0.0096,Electric Utility,GAS,3291.0,54204.0,3212.0,1952.086,0,0,1
2828,2021,OH,1880.4,0.6111,IPP Non-CHP,COAL,10066943.0,104245648.0,10694220.0,2124.621,0,0,1
59773,2021,OH,832.3,0.6545,IPP Non-CHP,GAS,4771737.0,35228598.0,2093561.0,877.484,0,0,1
57908,2021,OH,47.2,0.5293,Commercial CHP,GAS,218831.0,1217138.0,71150.0,650.269,0,0,1
60376,2021,OH,962.0,0.708,IPP Non-CHP,GAS,5966442.0,40219945.0,2390214.0,801.219,0,0,1
55247,2021,OH,564.0,0.0727,IPP Non-CHP,GAS,359136.0,4378468.0,259152.0,1443.199,0,0,1
2831,2021,OH,159.1,0.0052,IPP Non-CHP,GAS,7198.0,145510.0,8504.0,2362.955,0,0,1
2914,2021,OH,49.6,0.1349,Electric Utility,COAL,58619.0,961082.0,98053.0,3345.431,0,0,1
55350,2021,OH,678.3,0.6897,Electric Utility,GAS,4097994.0,26725417.0,1588260.0,775.14,0,0,1
55701,2021,OH,739.5,0.5618,Electric Utility,GAS,3639314.0,26022197.0,1546458.0,849.862,0,0,1
8102,2021,OH,2600.0,0.6062,IPP Non-CHP,COAL,13806727.0,143660903.0,14736057.0,2134.62,0,0,1
55228,2021,OH,236.0,0.0898,Electric Utility,GAS,185584.0,1851611.0,109302.0,1177.923,0,0,1
2917,2021,OH,126.9,0.0009,Electric Utility,GAS,982.0,0.0,0.0,0.0,0,0,1
55736,2021,OH,1429.8,0.7593,IPP Non-CHP,GAS,9510071.0,69249552.0,4115401.0,865.483,0,0,1
56848,2021,OH,67.0,0.5647,IPP CHP,COAL,331460.0,1775790.0,103786.0,626.235,0,0,1
2876,2021,OH,1086.5,0.5289,Electric Utility,COAL,5034281.0,55610202.0,5705599.0,2266.699,0,0,1
61322,2021,OH,521.9,0.1522,IPP Non-CHP,GAS,695881.0,3786003.0,224998.0,646.658,0,0,1
55110,2021,OH,692.0,0.087,Electric Utility,GAS,527447.0,6902194.0,410169.0,1555.298,0,0,1
2832,2021,OH,1180.8,0.6551,IPP Non-CHP,COAL,6776495.0,68609580.0,7039341.0,2077.576,0,0,1
57822,2021,OH,67.0,0.6141,IPP CHP,COAL,360406.0,1921937.0,112328.0,623.339,0,0,1
59326,2021,OH,543.9,0.5636,IPP Non-CHP,GAS,2685179.0,18310239.0,1088152.0,810.488,0,0,1
2848,2021,OH,32.6,0.0034,IPP Non-CHP,GAS,962.0,32035.0,1872.0,3892.418,0,0,1
7783,2021,OH,32.0,0.0079,Electric Utility,GAS,2207.0,30038.0,1771.0,1604.712,0,0,1
7782,2021,OH,32.0,0.0084,Electric Utility,GAS,2345.0,31077.0,1835.0,1565.117,0,0,1
59764,2021,OH,1061.5,0.6445,IPP Non-CHP,GAS,5993118.0,40814988.0,2425575.0,809.454,0,0,1
2935,2021,OH,84.5,0.0369,Electric Utility,GAS,27303.0,453299.0,36937.0,2705.698,0,0,1
2936,2021,OH,55.5,0.002,Electric Utility,COAL,955.0,16900.0,1454.0,3045.154,0,0,1
2937,2021,OH,36.3,0.0014,Electric Utility,OIL,442.0,12957.0,1058.0,4787.805,0,0,1
10244,2021,OH,92.8,0.4288,Industrial CHP,GAS,348550.0,1447408.0,0.0,0.0,0,0,1
2880,2021,OH,450.0,0.0924,IPP Non-CHP,GAS,364083.0,4755834.0,282630.0,1552.558,0,0,1
7872,2021,OH,594.0,0.0537,Electric Utility,GAS,279393.0,2995275.0,177523.0,1270.775,0,0,1
55401,2021,OH,977.5,0.0661,IPP Non-CHP,GAS,566141.0,6274378.0,372883.0,1317.279,0,0,1
60356,2021,OH,1210.4,0.2074,IPP Non-CHP,GAS,2198702.0,14532620.0,863654.0,785.604,0,0,1
2942,2021,OH,25.0,0.0029,Electric Utility,OIL,629.0,128210.0,9160.0,29126.213,0,0,1
2847,2021,OH,680.6,0.1685,IPP Non-CHP,GAS,1004697.0,11650186.0,688653.0,1370.866,0,0,1
55348,2021,OH,795.6,0.1515,IPP Non-CHP,GAS,1055565.0,9717609.0,577913.0,1094.983,0,0,1
2866,2021,OH,1706.5,0.3115,IPP Non-CHP,COAL,4656053.0,53839324.0,5646647.0,2425.508,0,0,1
6019,2021,OH,1425.6,0.3664,IPP Non-CHP,COAL,4575243.0,48133926.0,4931128.0,2155.57,0,0,1
55397,2021,OH,714.9,0.7699,IPP Non-CHP,GAS,4821284.0,34468909.0,2048435.0,849.746,0,0,1
55503,2021,OH,921.6,0.7669,IPP Non-CHP,GAS,6191450.0,43610521.0,2591716.0,837.192,0,0,1
2909,2021,OH,32.0,0.0,Electric Utility,GAS,0.0,0.0,0.0,0.0,0,0,1
2869,2021,OH,555.6,0.0654,IPP Non-CHP,OIL,318246.0,3898818.0,233446.0,1467.08,0,0,1
7158,2021,OH,571.8,0.0105,Electric Utility,GAS,52520.0,1115809.0,67482.0,2569.772,0,0,1
2854,2021,OH,126.6,0.0128,IPP Non-CHP,GAS,14177.0,196913.0,11508.0,1623.543,0,0,1
50481,2021,TN,194.3,0.6692,Industrial CHP,COAL,1138973.0,6519634.0,483557.0,849.11,0,0,1
56807,2021,VA,559.0,0.6342,Electric Utility,GAS,3105489.0,22326004.0,1331704.0,857.645,1,0,1
54304,2021,VA,258.3,0.04,IPP Non-CHP,COAL,90415.0,1021548.0,104810.0,2318.422,1,0,1
58260,2021,VA,1472.2,0.6724,Electric Utility,GAS,8671856.0,60954193.0,3622395.0,835.437,1,0,1
55738,2021,VA,88.0,0.5144,IPP Non-CHP,GAS,396502.0,3793656.0,225450.0,1137.195,1,0,1
52089,2021,VA,27.2,0.7233,Industrial CHP,GAS,172350.0,998097.0,58333.0,676.917,1,0,1
3803,2021,VA,67.4,0.0002,Electric Utility,OIL,116.0,2224.0,182.0,3131.406,1,0,1
3797,2021,VA,1499.5,0.2313,Electric Utility,GAS,3037850.0,26316936.0,2050186.0,1349.761,1,0,1
3775,2021,VA,475.0,0.032,Electric Utility,GAS,133136.0,1688040.0,100317.0,1506.983,1,0,1
7213,2021,VA,848.0,0.1202,Electric Utility,COAL,892660.0,10263990.0,1053088.0,2359.438,1,0,1
55381,2021,VA,402.5,0.0107,IPP Non-CHP,OIL,37804.0,386836.0,31389.0,1660.642,1,0,1
7212,2021,VA,368.4,0.0156,Electric Utility,GAS,50237.0,657385.0,40966.0,1630.906,1,0,1
52019,2021,VA,1313.0,0.3985,IPP Non-CHP,GAS,4583061.0,42276743.0,2515762.0,1097.852,1,0,1
52087,2021,VA,388.8,0.0129,Electric Utility,GAS,43910.0,549292.0,36447.0,1660.068,1,0,1
54844,2021,VA,300.4,0.3794,Electric Utility,GAS,998419.0,8350722.0,498472.0,998.522,1,0,1
7032,2021,VA,407.7,0.0071,Electric Utility,GAS,25323.0,334158.0,21387.0,1689.128,1,0,1
59913,2021,VA,1773.3,0.7412,Electric Utility,GAS,11513187.0,75049280.0,4460053.0,774.773,1,0,1
10633,2021,VA,399.0,0.2745,IPP CHP,GAS,959580.0,7646287.0,454505.0,947.301,1,0,1
7839,2021,VA,892.5,0.0608,Electric Utility,GAS,475467.0,4846898.0,295406.0,1242.592,1,0,1
7837,2021,VA,509.1,0.1074,Electric Utility,GAS,479109.0,5370565.0,320698.0,1338.728,1,0,1
3799,2021,VA,82.8,0.0014,Electric Utility,OIL,996.0,17384.0,1420.0,2850.659,1,0,1
7836,2021,VA,513.3,0.1496,Electric Utility,GAS,672609.0,6928419.0,413275.0,1228.871,1,0,1
3800,2021,VA,82.8,0.0085,Electric Utility,OIL,6142.0,107595.0,8787.0,2861.125,1,0,1
3804,2021,VA,709.0,0.3731,Electric Utility,GAS,2316933.0,16908716.0,1005264.0,867.754,1,0,1
59004,2021,VA,812.0,0.7115,IPP Non-CHP,GAS,5060915.0,35323696.0,2099241.0,829.59,1,0,1
7838,2021,VA,705.5,0.0807,Electric Utility,GAS,498679.0,5123664.0,306171.0,1227.928,1,0,1
10017,2021,VA,101.0,0.5888,Industrial CHP,COAL,520976.0,1868887.0,10388.0,39.88,1,0,1
54081,2021,VA,229.6,0.0261,IPP CHP,GAS,52526.0,308936.0,18360.0,699.09,1,0,1
3785,2021,VA,27.0,0.0012,IPP Non-CHP,OIL,291.0,10441.0,847.0,5821.306,1,0,1
55439,2021,VA,1011.4,0.4118,IPP Non-CHP,GAS,3648718.0,26022441.0,1546602.0,847.751,1,0,1
56808,2021,VA,668.0,0.163,Electric Utility,COAL,953703.0,10588581.0,960171.0,2013.564,1,0,1
55939,2021,VA,1472.2,0.5513,Electric Utility,GAS,7109295.0,49380569.0,2934626.0,825.574,1,0,1
55285,2021,VA,285.0,0.0232,IPP Non-CHP,GAS,58017.0,698294.0,41175.0,1419.401,1,0,1
3809,2021,VA,882.0,0.0064,Electric Utility,OIL,49228.0,598522.0,48439.0,1967.932,1,0,1
50491,2021,WV,115.5,0.7438,Industrial CHP,GAS,752590.0,5068137.0,299152.0,794.993,0,1,1
55284,2021,WV,353.4,0.0927,IPP Non-CHP,GAS,286954.0,3282139.0,193625.0,1349.518,0,1,1
55276,2021,WV,519.0,0.0728,Electric Utility,GAS,331154.0,4020478.0,237199.0,1432.56,0,1,1
3943,2021,WV,1152.0,0.5161,Electric Utility,COAL,5208498.0,51562038.0,5290255.0,2031.394,0,1,1
10151,2021,WV,95.7,0.7532,IPP Non-CHP,COAL,631409.0,8224031.0,843784.0,2672.703,0,1,1
3944,2021,WV,2052.0,0.6394,Electric Utility,COAL,11494151.0,117051970.0,12009520.0,2089.675,0,1,1
3935,2021,WV,2932.6,0.4676,Electric Utility,COAL,12011111.0,122752260.0,12594279.0,2097.105,0,1,1
56671,2021,WV,807.5,0.7849,IPP Non-CHP,COAL,5551798.0,51226202.0,5255807.0,1893.371,0,1,1
3948,2021,WV,1632.6,0.3335,Electric Utility,COAL,4769104.0,49696486.0,5098240.0,2138.029,0,1,1
3954,2021,WV,1680.9,0.3741,Electric Utility,COAL,5508707.0,57367773.0,5885931.0,2136.956,0,1,1
6264,2021,WV,1300.0,0.6263,Electric Utility,COAL,7132758.0,71684682.0,7353642.0,2061.935,0,1,1
55349,2021,WV,344.0,0.4156,IPP Non-CHP,GAS,1252463.0,13022037.0,774961.0,1237.499,0,1,1
6004,2021,WV,1368.0,0.6328,IPP Non-CHP,COAL,7582771.0,79542656.0,8161061.0,2152.527,0,1,1
